CountryShort,Year,Nr. of coordinated projects,Budget of coordinated projects,Total nr. of projects,Nr. of projects as participant,Country,GDP,Population,% pop. with a secondary education,% pop. with a tertiary education,National R&D Budget,GDP / capita,Budget of coordinated projects / capita,Nr. of coordinated projects - Cumulative,Budget of coordinated projects - Cumulative,Total nr. of projects - Cumulative,Nr. of projects as participant - Cumulative,Budget of coordinated projects / capita - Cumulative
AT,2003,4,5525641,37,33,Austria, 261306300000,8100273,NA,NA,5041980000,32258.9497909515,0.682154910087598,4,5525641,37,33,0.682154910087598
AT,2004,73,176694604.86,597,524,Austria, 300408100000,8142573,59.8,15.4,5249546000,36893.510196347,21.7000946580399,77,182220245.86,634,557,22.3822495681275
AT,2005,72,171735683,482,410,Austria, 314768800000,8201359,60.5,15,6029810000,38380.0782284985,20.9399055693087,149,353955928.86,1116,967,43.3221551374362
AT,2006,89,183107038,603,514,Austria, 334589800000,8254298,60.3,14.7,6318587000,40535.2217717364,22.1832356912726,238,537062966.86,1719,1481,65.5053908287088
AT,2007,51,77232674,258,207,Austria, 386956400000,8282984,60,14.6,6867815000,46717.0285491316,9.32425729664575,289,614295640.86,1977,1688,74.8296481253546
AT,2008,94,314637226.97,555,461,Austria, 429371200000,8307989,60.4,15,7548060000,51681.7246628516,37.8716470339573,383,928932867.83,2532,2149,112.701295159312
AT,2009,78,188485788.9,413,335,Austria, 399175500000,8335003,60.2,16,7479745000,47891.4644661796,22.6137637742902,461,1117418656.73,2945,2484,135.315058933602
AT,2010,83,192679375.81,463,380,Austria, 390587700000,8351643,60.5,16.2,8066440000,46767.7677314512,23.0708347818507,544,1310098032.54,3408,2864,158.385893715453
AT,2011,105,204125829.72,591,486,Austria, 429613300000,8375164,60.6,16.3,8276335000,51296.1059628205,24.3727561299098,649,1514223862.26,3999,3350,182.758649845363
AT,2012,113,298830720.23,588,475,Austria, 407431900000,8408121,60.8,16.9,9287840000,48456.9501319022,35.5407254760011,762,1813054582.49,4587,3825,218.299375321364
AT,2013,119,365417892.01,631,512,Austria, 428364400000,8451860,60.2,17.7,9571282000,50682.8556081147,43.2352040864378,881,2178472474.5,5218,4337,261.534579407801
AT,2014,83,220131066.95,304,221,Austria, 438959800000,8506889,52.4,27.4,10099780000,51600.5087171115,25.8768001968757,964,2398603541.45,5522,4558,287.411379604677
AT,2015,121,426784039.14,601,480,Austria, 377114700000,8576261,52.3,28.1,10444160000,43971.9243619102,49.7634154487602,1085,2825387580.59,6123,5038,337.174795053437
AT,2016,122,439091072.86,637,515,Austria, 386853800000,8690076,51.8,28.6,NA,44516.733800717,50.5278748839481,1207,3264478653.45,6760,5553,387.702669937386
BE,2003,12,29475067,89,77,Belgium, 319719000000,10355844,34.8,25.6,5177444000,30873.2924134431,2.84622547423464,12,29475067,89,77,2.84622547423464
BE,2004,126,565638653.97,910,784,Belgium, 371566600000,10396421,35.4,26.8,5403617000,35739.8570142552,54.4070554636062,138,595113720.97,999,861,57.2532809378408
BE,2005,117,317387234,749,632,Belgium, 387513500000,10445852,36.5,27.2,5551553000,37097.3569221544,30.3840446906581,255,912500954.97,1748,1493,87.6373256284989
BE,2006,135,446289968.75,954,819,Belgium, 410156800000,10511382,36.4,27.9,5926513000,39020.2544251555,42.4577823115933,390,1358790923.72,2702,2312,130.095107940092
BE,2007,64,119238601.76,371,307,Belgium, 472429200000,10584534,37.1,28.1,6356931000,44633.9158625217,11.265361494422,454,1478029525.48,3073,2619,141.360469434514
BE,2008,119,313925457.24,874,755,Belgium, 520760300000,10666866,38,28.4,6812699000,48820.3657944142,29.4299616438418,573,1791954982.72,3947,3374,170.790431078356
BE,2009,94,280077163.19,677,583,Belgium, 486479700000,10753080,38.1,29.4,6924591000,45240.9635192894,26.0462270521562,667,2072032145.91,4624,3957,196.836658130512
BE,2010,155,356009520.56,868,713,Belgium, 484014400000,10839905,36.7,30.7,7487500000,44651.1662233202,32.8424945200166,822,2428041666.47,5492,4670,229.679152650529
BE,2011,141,289190836.84,907,766,Belgium, 527715600000,11000638,37.7,30.4,8171000000,47971.3631154848,26.2885513403859,963,2717232503.31,6399,5436,255.967703990915
BE,2012,161,499848791.78,983,822,Belgium, 497860000000,11094850,37.4,31.3,9153500000,44873.0717404922,45.0523253383327,1124,3217081295.09,7382,6258,301.020029329247
BE,2013,154,452385769.19,1035,881,Belgium, 520232700000,11161642,38.1,31.5,9545663000,46608.9756327967,40.5303959032193,1278,3669467064.28,8417,7139,341.550425232466
BE,2014,105,349100835.93,481,376,Belgium, 532469400000,11180840,37.8,32.6,9874579000,47623.3807120038,31.2231313505962,1383,4018567900.21,8898,7515,372.773556583063
BE,2015,164,536120137.81,962,798,Belgium, 455284400000,11237274,38.7,32.7,10072400000,40515.5556409855,47.7090918856299,1547,4554688038.02,9860,8313,420.482648468693
BE,2016,163,604629213.99,951,788,Belgium, 467083000000,11311117,38.8,32.9,NA,41294.1533537316,53.4544213440635,1710,5159317252.01,10811,9101,473.937069812756
BG,2004,7,2886842,105,98,Bulgaria,  26037300000,7745147,48.1,17.9,99319000,3361.75672327459,0.372729142519826,7,2886842,105,98,0.372729142519826
BG,2005,21,8116183,147,126,Bulgaria,  29675100000,7688573,48.8,17.8,106423000,3859.63689230758,1.05561630227092,28,11003025,252,224,1.42834544479074
BG,2006,6,2912672,139,133,Bulgaria,  34166000000,7629371,51.3,18.2,121196000,4478.21976411948,0.381770921875473,34,13915697,391,357,1.81011636666621
BG,2007,9,3032298,80,71,Bulgaria,  44471500000,7572673,52.8,18.5,139609000,5872.6291231643,0.400426375204634,43,16947995,471,428,2.21054274187085
BG,2008,7,3574426.65,146,139,Bulgaria,  54713800000,7518002,52.8,18.9,166610000,7277.70490084999,0.475449015576213,50,20522421.65,617,567,2.68599175744706
BG,2009,13,8123869.43,138,125,Bulgaria,  52050700000,7467119,53.2,19.2,184610000,6970.65360817204,1.08795231869212,63,28646291.08,755,692,3.77394407613918
BG,2010,4,222445.2,73,69,Bulgaria,  50682200000,7421766,55.1,19.7,215570000,6828.8598697399,0.0299720039677888,67,28868736.28,828,761,3.80391608010697
BG,2011,7,8321379.6,104,97,Bulgaria,  57478500000,7369431,55.9,20.1,219637000,7799.58452694652,1.12917531896289,74,37190115.88,932,858,4.93309139906986
BG,2012,6,7005000.92,96,90,Bulgaria,  53893800000,7327224,56.4,20.7,253695000,7355.28216415931,0.956023852962595,80,44195116.8,1028,948,5.88911525203246
BG,2013,4,4898092.17,100,96,Bulgaria,  55795500000,7284552,55.7,22.2,266736000,7659.42778636215,0.672394427275692,84,49093208.97,1128,1044,6.56150967930815
BG,2014,4,5250460.5,46,42,Bulgaria,  56809600000,7245677,53.8,23.6,339927000,7840.48198670738,0.724633529758503,88,54343669.47,1174,1086,7.28614320906665
BG,2015,9,4817257,110,101,Bulgaria,  50245400000,7202198,53.7,24.1,433196000,6976.39803848769,0.668859284346251,97,59160926.47,1284,1187,7.9550024934129
BG,2016,5,2382218,93,88,Bulgaria,  52427300000,7153784,53.8,24.3,NA,7328.61098406102,0.333001108224682,102,61543144.47,1377,1275,8.28800360163758
CY,2004,4,1245453,64,60,Cyprus,  17337300000,722893,35.1,25.7,46784000,23983.2174332854,1.72287323296809,4,1245453,64,60,1.72287323296809
CY,2005,5,132750,45,40,Cyprus,  18710300000,733067,38.1,25.7,55233000,25523.3150585144,0.18108849532171,9,1378203,109,100,1.9039617282898
CY,2006,12,3349498,86,74,Cyprus,  20420800000,744013,38.8,27.6,62363000,27446.8322462108,4.50193477802135,21,4727701,195,174,6.40589650631115
CY,2007,6,1986808,39,33,Cyprus,  24108500000,757916,39.1,29.7,70375000,31808.9339715747,2.62140923268542,27,6714509,234,207,9.02730573899657
CY,2008,9,3677561.82,79,70,Cyprus,  27954000000,776333,38.6,31,73365000,36007.7440995037,4.73709325766134,36,10392070.82,313,277,13.7643989966579
CY,2009,6,7635011.66,43,37,Cyprus,  26045800000,796930,38.2,30.5,82988000,32682.669745147,9.58052985833135,42,18027082.48,356,314,23.3449288549892
CY,2010,14,19533155.51,70,56,Cyprus,  25585300000,819140,38.3,32.1,86198000,31234.3433356935,23.8459305002808,56,37560237.99,426,370,47.19085935527
CY,2011,13,11858872.62,64,51,Cyprus,  27465600000,839751,38,33.7,88883000,32706.8380984363,14.1218916321624,69,49419110.61,490,421,61.3127509874324
CY,2012,10,8203979.32,71,61,Cyprus,  25011200000,862011,38.6,35,83322000,29014.942964765,9.51725595149018,79,57623089.93,561,482,70.8300069389226
CY,2013,10,13094633.43,84,74,Cyprus,  24062800000,865878,39.2,35.4,83829000,27790.0581837164,15.1229543076507,89,70717723.36,645,556,85.9529612465733
CY,2014,11,16559561.15,54,43,Cyprus,  23338200000,858000,37.5,36.4,84094000,27200.6993006993,19.3001878205128,100,87277284.51,699,599,105.253149067086
CY,2015,24,34844282.58,111,87,Cyprus,  19568500000,847008,38.1,36.4,80400000,23103.0875741433,41.1380796639465,124,122121567.09,810,686,146.391228731033
CY,2016,18,19426577.5,86,68,Cyprus,  19815100000,848319,38.2,37.2,NA,23358.0763840018,22.9000853452534,142,141548144.59,896,754,169.291314076286
CZ,2004,6,2480901,293,287,Czech Republic, 119263200000,10195347,72,10.4,1100092000,11697.8068524789,0.2433365926633,6,2480901,293,287,0.2433365926633
CZ,2005,14,9258838,294,280,Czech Republic, 136097100000,10198855,72.2,11,1280832000,13344.3509099796,0.907831124180116,20,11739739,587,567,1.15116771684342
CZ,2006,13,42630520,360,347,Czech Republic, 155372000000,10223577,72.2,11.4,1526648000,15197.4206288073,4.16982431882696,33,54370259,947,914,5.32099203567038
CZ,2007,7,158902,123,116,Czech Republic, 189134500000,10254233,72.2,11.6,1801084000,18444.5292007701,0.0154962345794171,40,54529161,1070,1030,5.3364882702498
CZ,2008,11,4437649.46,257,246,Czech Republic, 236742200000,10343422,71.7,12.4,1999197000,22888.1892278977,0.429031075015599,51,58966810.46,1327,1276,5.7655193452654
CZ,2009,21,13165712.84,212,191,Czech Republic, 206928900000,10425783,71.4,13.4,1924518000,19847.8042368616,1.26280326762987,72,72132523.3,1539,1467,7.02832261289527
CZ,2010,19,9978031.43,193,174,Czech Republic, 207299300000,10462088,71.1,14.5,2095142000,19814.3334294263,0.953732317105343,91,82110554.73,1732,1641,7.98205493000061
CZ,2011,12,51158676.8,179,167,Czech Republic, 228344300000,10486731,70.3,15.8,2551989000,21774.5930547851,4.87841986220491,103,133269231.53,1911,1808,12.8604747922055
CZ,2012,19,21786564.08,236,217,Czech Republic, 207410800000,10505445,69.6,17,2877264000,19743.1712792747,2.07383543295881,122,155055795.61,2147,2025,14.9343102251643
CZ,2013,23,27090792.9,218,195,Czech Republic, 209496700000,10516125,69,18.1,2996666000,19921.4729760249,2.57611933102735,145,182146588.51,2365,2220,17.5104295561917
CZ,2014,13,8669078.2,95,82,Czech Republic, 208122800000,10512419,68.5,19.1,3090662000,19797.8029604794,0.824651129297643,158,190815666.71,2460,2302,18.3350806854893
CZ,2015,22,25957287.25,239,217,Czech Republic, 185246700000,10538275,67.8,19.8,3250243000,17578.465166263,2.46314384944405,180,216772953.96,2699,2519,20.7982245349334
CZ,2016,23,32802080.65,193,170,Czech Republic, 193056900000,10553843,67.3,20.3,NA,18292.5688775169,3.10806979505001,203,249575034.61,2892,2689,23.9062943299834
DE,2003,32,131656685,242,210,Germany,2511354500000,82536680,55.7,20.3,54538500000,30427.132518536,1.59512940186109,32,131656685,242,210,1.59512940186109
DE,2004,380,1521681106.75,3431,3051,Germany,2824424200000,82531671,55.3,21.1,54966900000,34222.3072158566,18.4375414712008,412,1653337791.75,3673,3261,20.0326708730619
DE,2005,386,1185749375,2537,2151,Germany,2862499900000,82500849,54.6,20.6,55739038000,34696.6114251745,14.37257179014,798,2839087166.75,6210,5412,34.4052426632019
DE,2006,457,1823527151.24,3267,2810,Germany,3004964700000,82437995,55.3,20.1,58779100000,36451.2103915191,22.1199842528921,1255,4662614317.99,9477,8222,56.525226916094
DE,2007,183,428737608.81,1098,915,Germany,3444381700000,82314906,56.1,20.4,61481981000,41843.9608009757,5.20850511339951,1438,5091351926.8,10575,9137,61.7337320294935
DE,2008,375,1542909464.93,2794,2419,Germany,3767807200000,82217837,56.3,21.4,66531540000,45827.1262962075,18.7661159819858,1813,6634261391.73,13369,11556,80.4998480114793
DE,2009,349,923188385.32,2214,1865,Germany,3431598500000,82002356,55.8,22.3,67014884000,41847.5598432806,11.2580714793121,2162,7557449777.05,15583,13421,91.7579194907914
DE,2010,469,1612446539.22,2675,2206,Germany,3420385500000,81802257,56.3,22.7,70014208000,41812.8499804107,19.711516507668,2631,9169896316.27,18258,15627,111.469435998459
DE,2011,501,1509200200.75,2921,2420,Germany,3762743000000,80222065,57.6,24.3,75569073000,46904.0905391802,18.8127817546208,3132,10679096517.02,21179,18047,130.28221775308
DE,2012,535,1542012131.55,3073,2538,Germany,3543812400000,80327900,57.2,24.9,79110378000,44116.8311383716,19.1964701125014,3667,12221108648.57,24252,20585,149.478687865582
DE,2013,545,1844444125.28,3363,2818,Germany,3753529300000,80523746,57.1,25.2,79729508000,46613.9429231223,22.905592659338,4212,14065552773.85,27615,23403,172.38428052492
DE,2014,347,1801000485.22,1296,949,Germany,3884441000000,80767463,57.1,23.2,84454140000,48094.1316678475,22.2985892873718,4559,15866553259.07,28911,24352,194.682869812291
DE,2015,600,1527706018.32,2989,2389,Germany,3364913800000,81197537,56.4,23.8,87188000000,41441.0821352869,18.8146842227493,5159,17394259277.39,31900,26741,213.497554035041
DE,2016,536,1460953253.54,2492,1956,Germany,3467552400000,82175684,55.9,24.4,NA,42196.818221799,17.7784130587827,5695,18855212530.93,34392,28697,231.275967093823
DK,2003,5,879283,49,44,Denmark, 218721300000,5383507,47,27.2,4854805000,40628.0329903908,0.16332903440081,5,879283,49,44,0.16332903440081
DK,2004,42,175620404,515,473,Denmark, 251793000000,5397640,46.7,27.9,4896923000,46648.7205519449,32.5365166998911,47,176499687,564,517,32.6998457342919
DK,2005,65,147707478,438,373,Denmark, 264784700000,5411405,45.8,28.5,5093872000,48930.8599153085,27.2955873751826,112,324207165,1002,890,59.9954331094745
DK,2006,54,178593934,458,404,Denmark, 283177000000,5427459,45.3,29.3,5419522000,52174.8759410251,32.9056256343899,166,502801099,1460,1294,92.9010587438643
DK,2007,44,122887238,260,216,Denmark, 319851700000,5447084,41.7,26,5870551000,58719.8031093334,22.560187799564,210,625688337,1720,1510,115.461246543428
DK,2008,50,157373827.82,376,326,Denmark, 355365100000,5475791,40.8,26.3,6701046000,64897.4915222294,28.7399259431194,260,783062164.82,2096,1836,144.201172486548
DK,2009,47,90183446.86,346,299,Denmark, 322586700000,5511451,40.9,26.9,7065873000,58530.2672562997,16.3629227330516,307,873245611.68,2442,2135,160.564095219599
DK,2010,56,152690051.38,379,323,Denmark, 322364400000,5534738,40.7,27.5,7093296000,58243.8409912086,27.587584340939,363,1025935663.06,2821,2458,188.151679560538
DK,2011,78,127517868.28,434,356,Denmark, 345048800000,5560628,41.5,27.9,7299197000,62052.1279251192,22.9322782031094,441,1153453531.34,3255,2814,211.083957763648
DK,2012,97,285712158.25,485,388,Denmark, 327081800000,5580516,41.6,28.6,7589599000,58611.3900578369,51.1981612901029,538,1439165689.59,3740,3202,262.282119053751
DK,2013,108,283423551.54,560,452,Denmark, 343636100000,5602628,41.4,29.1,7685904000,61334.8057375931,50.5876084473215,646,1722589241.13,4300,3654,312.869727501072
DK,2014,83,178816675.48,246,163,Denmark, 352361300000,5627235,42,29.8,7868903000,62617.1290162931,31.7770051330716,729,1901405916.61,4546,3817,344.646732634144
DK,2015,148,229736171.82,487,339,Denmark, 301546700000,5659715,42,30.7,8054271000,53279.4849210605,40.5914735671319,877,2131142088.43,5033,4156,385.238206201276
DK,2016,149,276118654.23,521,372,Denmark, 306395400000,5707251,41.9,31.2,NA,53685.285612986,48.3803242979851,1026,2407260742.66,5554,4528,433.618530499261
EE,2004,8,1865546,99,91,Estonia,  12075400000,1366250,54,25.6,82702000,8838.35315645014,1.36544995425435,8,1865546,99,91,1.36544995425435
EE,2005,10,5393910,117,107,Estonia,  14011400000,1358850,52.4,27.7,104023000,10311.2190455164,3.96946682856827,18,7259456,216,198,5.33491678282262
EE,2006,4,2476386,115,111,Estonia,  16977900000,1350700,52,27.4,150991000,12569.7045976161,1.83340934330347,22,9735842,331,309,7.16832612612609
EE,2007,1,78036,54,53,Estonia,  22265700000,1342920,52.5,27.5,173648000,16580.064337414,0.0581091948887499,23,9813878,385,362,7.22643532101484
EE,2008,10,8704690.17,96,86,Estonia,  24293600000,1338440,51.3,28.3,208039000,18150.6828845522,6.50360880577389,33,18518568.17,481,448,13.7300441267887
EE,2009,10,9739383.77,84,74,Estonia,  19730700000,1335740,50.6,30.2,197393000,14771.3626903439,7.29137689220956,43,28257951.94,565,522,21.0214210189983
EE,2010,10,15861985.5,77,67,Estonia,  19509700000,1333290,51.8,30,232760000,14632.7505643933,11.8968757734626,53,44119937.44,642,589,32.9182967924609
EE,2011,5,6241409.48,73,68,Estonia,  23201300000,1329660,51,31.3,384447000,17449.0471248289,4.69398904983229,58,50361346.92,715,657,37.6122858422932
EE,2012,5,4692005.76,77,72,Estonia,  23042700000,1325217,51.1,32.1,380695000,17387.8693074417,3.54055657299899,63,55053352.68,792,729,41.1528424152922
EE,2013,9,7433495.23,91,82,Estonia,  25088000000,1320174,51.9,32.3,326045000,19003.5555919144,5.63069355251656,72,62486847.91,883,811,46.7835359678088
EE,2014,12,23158462.2,58,46,Estonia,  26248800000,1315819,52.2,32.6,286736000,19948.6403525105,17.6000363271848,84,85645310.11,941,857,64.3835722949936
EE,2015,36,36640777.44,120,84,Estonia,  22469200000,1314870,51.6,33.3,302766000,17088.5334671869,27.8664639394009,120,122286087.55,1061,941,92.2500362343944
EE,2016,21,17515841.35,86,65,Estonia,  23152400000,1315944,51.8,33.9,NA,17593.7577890852,13.3104762436699,141,139801928.9,1147,1006,105.560512478064
EL,2003,6,5425897,58,52,Greece, 202377200000,10915770,40.4,15.7,977780000,18539.8922842823,0.49706956082805,6,5425897,58,52,0.49706956082805
EL,2004,80,222575984.2,739,659,Greece, 240963100000,10940369,41.6,17.5,1021470000,22025.1346184027,20.3444677414446,86,228001881.2,797,711,20.8415373022726
EL,2005,101,97627495,469,368,Greece, 247877400000,10969912,42.3,17.6,1153526000,22596.1156297334,8.89956956810592,187,325629376.2,1266,1079,29.7411068703785
EL,2006,118,298485222.19,801,683,Greece, 273547000000,11004716,39.9,18.7,1222600000,24857.2521090049,27.1233916613568,305,624114598.39,2067,1762,56.8644985317354
EL,2007,56,63107758.51,291,235,Greece, 318907900000,11036008,40.1,19.1,1341600000,28897.0341449553,5.71835019601291,361,687222356.9,2358,1997,62.5828487277483
EL,2008,107,219074514.94,666,559,Greece, 355919500000,11060937,40.5,19.8,1601570000,32178.0605024692,19.8061443564863,468,906296871.84,3024,2556,82.3889930842345
EL,2009,101,170408466.3,460,359,Greece, 331312700000,11094745,40.5,19.9,1485940000,29862.1284220593,15.3593855739812,569,1076705338.14,3484,2915,97.7483786582157
EL,2010,107,249798750.4,577,470,Greece, 299649900000,11119289,40.6,20.9,1352520000,26948.6565193152,22.4653528116771,676,1326504088.54,4061,3385,120.213731469893
EL,2011,98,177894916.1,550,452,Greece, 288184200000,11123392,40.7,22.2,1391156000,25907.9424693475,15.9928658542286,774,1504399004.64,4611,3837,136.206597324121
EL,2012,89,209570435.37,579,490,Greece, 245658800000,11086406,41.3,22.9,1337600000,22158.5606733147,18.903370070517,863,1713969440.01,5190,4327,155.109967394638
EL,2013,116,318392278.01,650,534,Greece, 239926900000,11003615,41.4,24,1465670000,21804.3706545531,28.9352433732005,979,2032361718.02,5840,4861,184.045210767839
EL,2014,44,117236872.72,272,228,Greece, 236394100000,10926807,42.2,24.6,1488740000,21634.3255628108,10.729289235181,1023,2149598590.74,6112,5089,194.77450000302
EL,2015,91,281917844.51,618,527,Greece, 194936300000,10858018,43,25.4,1683850000,17953.2120871415,25.9640244204789,1114,2431516435.25,6730,5616,220.738524423499
EL,2016,89,226216576.64,574,485,Greece, 194690300000,10783748,43.5,26.2,NA,18054.0476279676,20.9775466414831,1203,2657733011.89,7304,6101,241.716071064982
ES,2003,8,34765353,119,111,Spain, 908887500000,41827838,20.7,23.6,8213036000,21729.2488318426,0.831153477260766,8,34765353,119,111,0.831153477260766
ES,2004,184,340977107.11,1540,1356,Spain,1071520300000,42547451,21,24.5,8945761000,25184.1244261613,8.01404312352343,192,375742460.11,1659,1467,8.8451966007842
ES,2005,214,311563660,1217,1003,Spain,1157717200000,43296338,22.3,26.1,10196871000,26739.3792056963,7.19607418068475,406,687306120.11,2876,2470,16.0412707814689
ES,2006,212,441364108.61,1645,1433,Spain,1265612200000,44009971,22.8,26.4,11815218000,28757.3968180983,10.0287298214761,618,1128670228.72,4521,3903,26.0700006029451
ES,2007,106,109960666.86,577,471,Spain,1481246000000,44784666,23.1,26.8,13342371000,33074.8475382177,2.45531956987242,724,1238630895.58,5098,4374,28.5253201728175
ES,2008,215,487527917.96,1354,1139,Spain,1641717300000,45668939,23.1,27,14701393000,35948.2251164188,10.6752626322236,939,1726158813.54,6452,5513,39.2005828050411
ES,2009,217,334585568.24,1150,933,Spain,1505036600000,46239273,23.2,27.4,14581676000,32548.8811210332,7.2359608300935,1156,2060744381.78,7602,6446,46.4365436351346
ES,2010,334,788163109.55,1558,1224,Spain,1432966400000,46486619,23.4,28.4,14588455000,30825.3521298247,16.9546232121119,1490,2848907491.33,9160,7670,63.3911668472465
ES,2011,402,885749275.82,1866,1464,Spain,1490014900000,46667174,23.7,29.3,14184295000,31928.5436054045,18.9801352835293,1892,3734656767.15,11026,9134,82.3713021307758
ES,2012,443,982710082.69,2093,1650,Spain,1335881100000,46818219,23.6,30,13391607000,28533.3600579723,20.9899074266366,2335,4717366849.84,13119,10784,103.361209557412
ES,2013,460,1206004283.34,2384,1924,Spain,1362144500000,46727890,23.5,30.9,13011798000,29150.5672522342,25.8090892471284,2795,5923371133.18,15503,12708,129.170298804541
ES,2014,342,705205224.06,1138,796,Spain,1377687700000,46512199,23.9,31.7,12820756000,29619.9218617894,15.1617261540354,3137,6628576357.24,16641,13504,144.332024958576
ES,2015,591,1044121414.79,2207,1616,Spain,1193421500000,46449565,24.4,32.1,13171807000,25692.8455627087,22.4786048004971,3728,7672697772.03,18848,15120,166.810629759073
ES,2016,594,1296716320.95,2118,1524,Spain,1232921700000,46445828,24.7,32.6,NA,26545.3702321767,27.9188977091764,4322,8969414092.98,20966,16644,194.72952746825
FI,2003,6,50997604,52,46,Finland, 171454900000,5206295,43.5,27.5,5005018000,32932.229157203,9.79537348536723,6,50997604,52,46,9.79537348536723
FI,2004,46,176729938,474,428,Finland, 197129500000,5219732,43.9,28.3,5253417000,37766.2109855449,33.8580482676122,52,227727542,526,474,43.6534217529794
FI,2005,41,68868475,334,293,Finland, 204513900000,5236611,44.5,28.6,5473700000,39054.6290339305,13.1513444477736,93,296596017,860,767,56.804766200753
FI,2006,49,159495212.11,464,415,Finland, 216734100000,5255580,44.8,29,5761196000,41238.8547030014,30.3477850418032,142,456091229.11,1324,1182,87.1525512425562
FI,2007,16,67948863.96,140,124,Finland, 255713400000,5276955,44.6,30,6242670000,48458.5144273544,12.8765289755171,158,524040093.07,1464,1306,100.029080218073
FI,2008,66,227764154.34,438,372,Finland, 284910100000,5300484,44.6,30.2,6871092000,53751.7139944201,42.9704446499603,224,751804247.41,1902,1678,142.999524868034
FI,2009,55,246339855.31,346,291,Finland, 252499200000,5326314,44.7,30.9,6786472000,47405.9922114994,46.2495931163653,279,998144102.72,2248,1969,189.249117984399
FI,2010,47,162578710.47,375,328,Finland, 248038500000,5351427,44.8,31.6,6971301000,46349.9735677979,30.3804406693766,326,1160722813.19,2623,2297,219.629558653775
FI,2011,36,108365768.34,404,368,Finland, 274041600000,5375276,44.6,32.5,7163692000,50981.8658613995,20.1600379850263,362,1269088581.53,3027,2665,239.789596638802
FI,2012,57,217279014.14,444,387,Finland, 256694000000,5401267,45.4,32.8,6831888000,47524.7752055212,40.2274159266705,419,1486367595.67,3471,3052,280.017012565472
FI,2013,50,163063866.59,468,418,Finland, 270053200000,5426674,45.6,33.6,6684100000,49764.035945406,30.0485834583025,469,1649431462.26,3939,3470,310.065596023775
FI,2014,42,83582704.15,242,200,Finland, 272972200000,5451270,45.2,34.7,6512100000,50074.9733548329,15.3327030490143,511,1733014166.41,4181,3670,325.398299072789
FI,2015,105,265797681.63,499,394,Finland, 232452500000,5471753,45.3,35.5,6070900000,42482.2721347254,48.5763304063615,616,1998811848.04,4680,4064,373.974629479151
FI,2016,78,146247255.36,376,298,Finland, 236945200000,5487308,45.5,35.7,NA,43180.5905555147,26.6519129890285,694,2145059103.4,5056,4362,400.626542468179
FR,2003,36,222327930,218,182,France,1852269900000,61864088,40.8,22.2,34569095000,29940.9554053395,3.59381245545881,36,222327930,218,182,3.59381245545881
FR,2004,338,1560684247,2494,2156,France,2128014400000,62292241,41,22.7,35692601000,34161.7891062869,25.0542318264003,374,1783012177,2712,2338,28.6480442818591
FR,2005,362,1085131570.57,1872,1510,France,2204517800000,62772870,41.1,23.4,36227644000,35118.9582378502,17.286633072058,736,2868143747.57,4584,3848,45.9346773539172
FR,2006,378,3226669226.55,2505,2127,France,2326962000000,63229635,41.1,24,37904431000,36801.7623381821,51.0309639862701,1114,6094812974.12,7089,5975,96.9656413401872
FR,2007,198,583255228.24,875,677,France,2666540700000,63645065,41.6,24.4,39303086000,41897.0536050203,9.16418622936437,1312,6678068202.36,7964,6652,106.129827569552
FR,2008,342,980994665.97,2102,1760,France,2935496200000,64007193,42.3,24.8,41066323000,45861.9736691156,15.3263191211963,1654,7659062868.33,10066,8412,121.456146690748
FR,2009,324,855800433.62,1680,1356,France,2704540900000,64350226,41.8,25.9,42834917000,42028.4600088273,13.2991053305702,1978,8514863301.95,11746,9768,134.755252021318
FR,2010,384,984577031.66,2001,1617,France,2649386300000,64658856,41.9,26.2,43468832000,40974.8403219506,15.2272572168614,2362,9499440333.61,13747,11385,149.982509238179
FR,2011,432,1140679143.29,2084,1652,France,2866523300000,64978721,42,26.7,45111514000,44114.8002897749,17.5546567512463,2794,10640119476.9,15831,13037,167.537165989426
FR,2012,424,1001485700.71,2060,1636,France,2681286400000,65276983,41.9,27.7,46519037000,41075.5258097636,15.3420954015292,3218,11641605177.61,17891,14673,182.879261390955
FR,2013,436,1040282426.7,2301,1865,France,2809271500000,65600350,43.1,28.9,47480452000,42824.0321888527,15.8578792140591,3654,12681887604.31,20192,16538,198.737140605014
FR,2014,319,576850329.21,1002,683,France,2842942200000,65942093,43.7,29.7,47918737000,43112.7079936635,8.74783166512473,3973,13258737933.52,21194,17221,207.484972270139
FR,2015,475,1198729214.57,2035,1560,France,2419890500000,66488186,43.6,30.4,48643420000,36395.7966908587,18.029206189653,4448,14457467148.09,23229,18781,225.514178459792
FR,2016,429,1150178762.09,1777,1348,France,2463140300000,66759950,43.6,30.8,NA,36895.4785017065,17.2285743486926,4877,15607645910.18,25006,20129,242.742752808484
HR,2006,2,248539,61,59,Croatia,  50472400000,4312487,58.2,13.6,297500000,11703.7802084969,0.0576324056165271,2,248539,61,59,0.0576324056165271
HR,2007,7,2046430,31,24,Croatia,  60200300000,4313530,59.9,13.4,348002000,13956.1565585495,0.474421181723554,9,2294969,92,83,0.532053587340081
HR,2008,5,2250807.4,72,67,Croatia,  70789300000,4311967,60.5,13.6,425532000,16416.9391834399,0.521990868668522,14,4545776.4,164,150,1.0540444560086
HR,2009,5,5387221.25,50,45,Croatia,  62892500000,4309796,60.2,14.5,380677000,14592.9180870742,1.24999448929833,19,9932997.65,214,195,2.30403894530694
HR,2010,3,3841343.2,33,30,Croatia,  59662100000,4302847,58.8,15.7,335144000,13865.7265759159,0.892744547970216,22,13774340.85,247,225,3.19678349327715
HR,2011,7,8389819.44,74,67,Croatia,  62234300000,4289857,60,15.4,336373000,14507.3134139436,1.95573405826814,29,22164160.29,321,292,5.15251755154529
HR,2012,4,12601446,65,61,Croatia,  56446000000,4275984,61.1,15.8,330000000,13200.7042121767,2.94702833312753,33,34765606.29,386,353,8.09954588467283
HR,2013,11,21564549.9,77,66,Croatia,  57755200000,4262140,60.5,17,354684000,13550.75150042,5.05955925896381,44,56330156.19,463,419,13.1591051436366
HR,2014,8,11277121.45,47,39,Croatia,  57095900000,4246809,60.7,18.5,339857000,13444.4238014943,2.65543410358224,52,67607277.64,510,458,15.8145392472189
HR,2015,10,6453886.75,93,83,Croatia,  48648100000,4225316,60.1,19.6,374808000,11513.4820685601,1.52743291862668,62,74061164.39,603,541,17.3419721658456
HR,2016,5,4162280.39,97,92,Croatia,  50427100000,4190669,60,19.7,NA,12033.1861094255,0.993225757033066,67,78223444.78,700,633,18.3351979228786
HU,2003,2,564928,18,16,Hungary,  85089100000,10142362,56.8,13.1,693056000,8389.47574539343,0.0556998458544469,2,564928,18,16,0.0556998458544469
HU,2004,31,18266864,373,342,Hungary, 103915200000,10116742,56.5,14.2,721312000,10271.6072031885,1.80560737834374,33,18831792,391,358,1.86130722419819
HU,2005,28,5000303,272,244,Hungary, 112702800000,10097549,56.9,14.5,837589000,11161.4016431116,0.495199676674013,61,23832095,663,602,2.3565069008722
HU,2006,31,33769036,392,361,Hungary, 114760200000,10076581,57.7,15,900451000,11388.8034046469,3.35123947299188,92,57601131,1055,963,5.70774637386408
HU,2007,19,12161386,166,147,Hungary, 139369400000,10066158,58.3,15.4,977493000,13845.3419864858,1.20814574935144,111,69762517,1221,1110,6.91589212321552
HU,2008,36,36949701.18,303,267,Hungary, 158313000000,10045401,57.8,16.4,1059155000,15759.7491628259,3.6782704025454,147,106712218.18,1524,1377,10.5941625257609
HU,2009,27,29565098.23,216,189,Hungary, 130844500000,10030975,58.1,16.9,1067166000,13044.0460673065,2.94738031248209,174,136277316.41,1740,1566,13.541542838243
HU,2010,23,37049479.09,240,217,Hungary, 130346200000,10014324,58.5,17.1,1126073000,13015.9759160978,3.69964853244213,197,173326795.5,1980,1783,17.2411913706851
HU,2011,37,44827935.56,256,219,Hungary, 140341600000,9985722,57.7,18,1204629000,14054.2266247749,4.48920324038662,234,218154731.06,2236,2002,21.7303946110718
HU,2012,32,34117607.85,237,205,Hungary, 127305200000,9931925,57.5,19,1257332000,12817.7770170435,3.43514553825165,266,252272338.91,2473,2207,25.1655401493234
HU,2013,36,47360894.24,255,219,Hungary, 134780000000,9908798,57.8,19.5,1415099000,13602.0534478551,4.77968107130653,302,299633233.15,2728,2426,29.9452212206299
HU,2014,22,14620931.54,109,87,Hungary, 139430500000,9877365,57.7,20.2,1428824000,14116.1635719648,1.48024615269356,324,314254164.69,2837,2513,31.4254673733235
HU,2015,43,60576040.66,220,177,Hungary, 121683600000,9855571,57.2,20.9,1510935000,12346.6818918965,6.14637555348138,367,374830205.35,3057,2690,37.5718429268049
HU,2016,30,31789944.9,176,146,Hungary, 124414100000,9830485,57.6,20.6,NA,12655.9472904948,3.23381246194872,397,406620150.25,3233,2836,40.8056553887536
IE,2003,3,463311,30,27,Ireland, 164653700000,3964191,37.6,23.5,1636800000,41535.2590225849,0.116874035585066,3,463311,30,27,0.116874035585066
IE,2004,38,60090875,282,244,Ireland, 194227500000,4028851,36.8,24.9,1840400000,48209.1544214467,14.9151395770159,41,60554186,312,271,15.0320136126009
IE,2005,47,46164396,234,187,Ireland, 211765400000,4111672,37.4,26.1,2030000000,51503.475958199,11.227645590407,88,106718582,546,458,26.259659203008
IE,2006,64,41886200,265,201,Ireland, 232362300000,4208156,37,27.7,2216900000,55217.1307337466,9.9535758655335,152,148604782,811,659,36.2132350685415
IE,2007,19,61448441.6,93,74,Ireland, 270390600000,4340118,37,28.9,2432000000,62300.2876880306,14.1582421491766,171,210053223.6,904,733,50.3714772177181
IE,2008,28,58445004.35,245,217,Ireland, 276050400000,4457765,37.3,30.3,2605600000,61925.7408140627,13.1108311788531,199,268498227.95,1149,950,63.4823083965711
IE,2009,47,72451662.17,183,136,Ireland, 236703600000,4521322,37.1,31.4,2735556000,52352.7410788261,16.0244420039095,246,340949890.12,1332,1086,79.5067504004806
IE,2010,72,162871062.03,285,213,Ireland, 221556700000,4549428,36.7,32.7,2669505000,48699.9024932365,35.8003384227644,318,503820952.15,1617,1299,115.307088823245
IE,2011,74,183751668.91,301,227,Ireland, 240913700000,4570881,37,33.3,2665900000,52706.1850877325,40.2004928393454,392,687572621.06,1918,1526,155.50758166259
IE,2012,80,197084882.59,368,288,Ireland, 225806800000,4582707,36.5,34.7,2733892000,49273.6716530208,43.0062150144009,472,884657503.65,2286,1814,198.513796676991
IE,2013,97,192642296.5,399,302,Ireland, 239335900000,4591087,36.4,36.3,2813140000,52130.5520892982,41.9600622902594,569,1077299800.15,2685,2116,240.473858967251
IE,2014,66,112681891.41,206,140,Ireland, 256612500000,4605501,38.6,35.8,2921400000,55718.6937968312,24.4668042434471,635,1189981691.56,2891,2256,264.940663210698
IE,2015,112,224178274,366,254,Ireland, 283826800000,4628949,37.7,37.4,NA,61315.6031747163,48.4296271140598,747,1414159965.56,3257,2510,313.370290324758
IE,2016,111,233622875.28,383,272,Ireland, 294252500000,4724720,37.6,37.7,NA,62279.3520039283,49.4469249563995,858,1647782840.84,3640,2782,362.817215281157
IT,2003,14,23323662,147,133,Italy,1573170700000,57130506,37.2,9.1,14769000000,27536.4391136322,0.408252326699154,14,23323662,147,133,0.408252326699154
IT,2004,221,653810652.79,2058,1837,Italy,1801618400000,57495900,38.1,10,15253000000,31334.7282154032,11.3714308809846,235,677134314.79,2205,1970,11.7796832076837
IT,2005,228,576446521,1553,1325,Italy,1853367400000,57874753,38.6,10.8,15598800000,32023.7634534699,9.96024157545865,463,1253580835.79,3758,3295,21.7399247831424
IT,2006,289,738963653.7,2133,1844,Italy,1944263200000,58064214,39.1,11.4,16831300000,33484.7071209816,12.7266624792338,752,1992544489.49,5891,5139,34.4665872623761
IT,2007,121,304456256.88,714,593,Italy,2205889300000,58223744,39.3,12,18231400000,37886.4213884974,5.22907384451264,873,2297000746.37,6605,5732,39.6956611068888
IT,2008,270,864298562.03,1794,1524,Italy,2400567400000,58652875,39.5,12.7,18992800000,40928.3841584918,14.7358260277949,1143,3161299308.4,8399,7256,54.4314871346837
IT,2009,238,688554705.83,1511,1273,Italy,2193850600000,59000586,40.1,12.8,19209000000,37183.5391601026,11.67030283106,1381,3849854014.23,9910,8529,66.1017899657437
IT,2010,279,733015518.12,1846,1567,Italy,2127104900000,59190143,40.7,13,19624900000,35936.8096137223,12.3840808784665,1660,4582869532.35,11756,10096,78.4858708442102
IT,2011,317,835597604.99,1974,1657,Italy,2279348400000,59364690,41.4,13.2,19810600000,38395.6927931402,14.0756669493263,1977,5418467137.34,13730,11753,92.5615377935365
IT,2012,322,867237880.79,1958,1636,Italy,2072722800000,59394207,41.9,13.9,20502500000,34897.7266419265,14.6013883271478,2299,6285705018.13,15688,13389,107.162926120684
IT,2013,317,962328780.8,2016,1699,Italy,2131068000000,59685227,42.2,14.4,20983100000,35705.1167787299,16.1233998624149,2616,7248033798.93,17704,15088,123.286325983099
IT,2014,220,414330900.47,951,731,Italy,2154597400000,60782668,42.7,15,22291054000,35447.5621241239,6.81659614661864,2836,7662364699.4,18655,15819,130.102922129718
IT,2015,438,896382431.11,2033,1595,Italy,1825615100000,60795612,42.7,15.5,21892000000,30028.7313498876,14.7441961947846,3274,8558747130.51,20688,17414,144.847118324502
IT,2016,447,922054835.22,1977,1530,Italy,1851221900000,60665551,42.9,15.6,NA,30515.207881323,15.1989855860701,3721,9480801965.73,22665,18944,160.046103910572
LT,2004,6,2290427,98,92,Lithuania,  22685500000,3398929,56.8,21.6,136903000,6674.30828946412,0.67386726818948,6,2290427,98,92,0.67386726818948
LT,2005,3,876201,105,102,Lithuania,  26129000000,3355220,56.9,22.4,156974000,7787.56683615381,0.261145617873046,9,3166628,203,194,0.935012886062525
LT,2006,9,3525247,105,96,Lithuania,  30233800000,3289835,57.4,22,190512000,9190.06576317657,1.07155738813649,18,6691875,308,290,2.00657027419901
LT,2007,3,1699497,34,31,Lithuania,  39800200000,3249983,56.4,23.7,232594000,12246.2794420771,0.522924889145574,21,8391372,342,321,2.52949516334459
LT,2009,8,9195488.67,68,60,Lithuania,  37568700000,3183856,56.5,25.5,223471000,11799.7484810871,2.8881609815268,29,17586860.67,410,381,5.41765614487139
LT,2010,1,106639.6,55,54,Lithuania,  37156300000,3141976,56,26.9,219590000,11825.774608081,0.0339402974433923,30,17693500.27,465,435,5.45159644231478
LT,2011,3,1764727.4,58,55,Lithuania,  43535200000,3052588,56.3,27.9,282698000,14261.7346330392,0.578108608171165,33,19458227.67,523,490,6.02970505048595
LT,2012,5,6848304.79,81,76,Lithuania,  42845800000,3003641,56.4,28.6,298367000,14264.620838509,2.28000110199588,38,26306532.46,604,566,8.30970615248182
LT,2013,9,23189791.12,68,59,Lithuania,  46486200000,2971905,55.8,29.8,332426000,15641.8862648705,7.8030055200284,47,49496323.58,672,625,16.1127116725102
LT,2014,4,3591701.9,29,25,Lithuania,  48609900000,2943472,54.3,31.4,376827000,16514.4767811618,1.22022628379003,51,53088025.48,701,650,17.3329379563002
LT,2015,9,2218249.15,67,58,Lithuania,  41418200000,2921262,53,33.2,386998000,14178.1873724438,0.759346183259153,60,55306274.63,768,708,18.0922841395594
LT,2016,13,4962910.05,89,76,Lithuania,  42760700000,2888558,53.1,34,NA,14803.4763366358,1.71812719356856,73,60269184.68,857,784,19.810411333128
LU,2003,2,4820339,7,5,Luxembourg,  29623600000,448300,44,12.6,425800000,66079.8572384564,10.7524849431184,2,4820339,7,5,10.7524849431184
LU,2004,2,2350329,20,18,Luxembourg,  34749000000,454960,38.9,20.8,447700000,76378.1431334623,5.16601239669421,4,7170668,27,23,15.9184973398127
LU,2005,4,34004488,25,21,Luxembourg,  37361600000,461230,38.3,23,472000000,81004.2711879106,73.7256639854303,8,41175156,52,44,89.6441613252429
LU,2006,4,10538303.02,41,37,Luxembourg,  42449900000,469086,40.2,20.5,563500000,90494.9199080766,22.4656097602572,12,51713459.02,93,81,112.1097710855
LU,2007,2,6362775,20,18,Luxembourg,  50953600000,476187,38.6,22.7,591600000,107003.34112439,13.3619250420528,14,58076234.02,113,99,125.471696127553
LU,2008,5,13835369,36,31,Luxembourg,  56079500000,483799,39.5,23.7,618800000,115914.873738887,28.5973493124211,19,71911603.02,149,130,154.069045439974
LU,2009,3,11433879.71,22,19,Luxembourg,  51574800000,493500,41.3,30.2,620280000,104508.20668693,23.168955845998,22,83345482.73,171,149,177.238001285972
LU,2010,3,4549338.2,23,20,Luxembourg,  53263700000,502066,40.8,30.3,603700000,106089.040086363,9.06123537542873,25,87894820.93,194,169,186.299236661401
LU,2011,4,26573819,36,32,Luxembourg,  60085200000,511840,39.3,31.7,631400000,117390.590809628,51.9182146764614,29,114468639.93,230,201,238.217451337862
LU,2012,6,10232985.8,57,51,Luxembourg,  56675200000,524853,38.2,33.4,561403000,107982.997143962,19.4968606447901,35,124701625.73,287,252,257.714311982652
LU,2013,7,20635037.11,46,39,Luxembourg,  61824900000,537039,38.6,35.2,605731000,115121.806796154,38.4237217594998,42,145336662.84,333,291,296.138033742152
LU,2014,5,4031548.55,28,23,Luxembourg,  66386300000,549680,35.5,39.6,629800000,120772.631349149,7.33435553412895,47,149368211.39,361,314,303.472389276281
LU,2015,13,22783724.5,81,68,Luxembourg,  58070900000,562958,34.5,35.2,671070000,103153.165955542,40.4714463601192,60,172151935.89,442,382,343.9438356364
LU,2016,10,15913083.52,63,53,Luxembourg,  59988300000,576249,35.4,36.8,NA,104101.3520197,27.6149434012033,70,188065019.41,505,435,371.558779037603
LV,2004,7,3653419,80,73,Latvia,  14520400000,2276520,59,16.5,46707000,6378.3318398257,1.60482622599406,7,3653419,80,73,1.60482622599406
LV,2005,2,200000,63,61,Latvia,  17076800000,2249724,58.5,16.9,72693000,7590.62000494283,0.0888997939302777,9,3853419,143,134,1.69372601992434
LV,2007,2,216930,33,31,Latvia,  31081900000,2208840,57.5,18.5,125590000,14071.5941399105,0.0982099201390775,11,4070349,176,165,1.79193594006342
LV,2008,5,2559468.46,61,56,Latvia,  35821100000,2191810,56.5,20.7,141590000,16343.1593066917,1.16774193931043,16,6629817.46,237,221,2.95967787937385
LV,2009,1,81419.6,44,43,Latvia,  26151600000,2162834,57,21.4,84882000,12091.3579128125,0.0376448677984533,17,6711237.06,281,264,2.9973227471723
LV,2010,4,5922987.4,48,44,Latvia,  23582400000,2120504,57.8,22.6,108649000,11121.1296936955,2.79319793784874,21,12634224.46,329,308,5.79052068502104
LV,2011,3,298141.8,39,36,Latvia,  28121600000,2074605,56.8,23.6,140730000,13555.1586928596,0.143710152053041,24,12932366.26,368,344,5.93423083707408
LV,2012,6,8410447.2,53,47,Latvia,  28340600000,2044813,57.4,25.2,146516000,13859.7514784971,4.11306422641092,30,21342813.46,421,391,10.047295063485
LV,2013,9,13505589,60,51,Latvia,  30319000000,2023825,56.4,27,139766000,14981.0383802947,6.67329882771485,39,34848402.46,481,442,16.7205938911999
LV,2014,3,1078450,27,24,Latvia,  31394000000,2001468,57,26.9,162800000,15685.4868526502,0.538829499147626,42,35926852.46,508,466,17.2594233903475
LV,2015,9,3333549.25,70,61,Latvia,  27036600000,1986096,56.3,28.1,152300000,13612.9371389903,1.67844316186126,51,39260401.71,578,527,18.9378665522087
LV,2016,6,3209720.75,54,48,Latvia,  27696100000,1968957,56,28.9,NA,14066.3813379368,1.63016294921626,57,42470122.46,632,575,20.568029501425
MT,2004,4,1134849,41,37,Malta,   6054300000,399867,15.8,10.2,24046000,15140.7843107833,2.8380661569972,4,1134849,41,37,2.8380661569972
MT,2005,1,446400,29,28,Malta,   6397300000,402668,20.7,10.3,27213000,15887.2818301926,1.10860560064371,5,1581249,70,65,3.94667175764091
MT,2006,1,NA,45,44,Malta,   6762800000,404999,21.5,11.1,31253000,16698.3128353403,NA,6,NA,115,109,NA
MT,2007,2,493377,18,16,Malta,   7890600000,405616,21,11.7,31580000,19453.3746203306,1.21636473906355,8,NA,133,125,NA
MT,2009,2,1175300.8,26,24,Malta,   8562200000,410926,25.2,12.8,31761000,20836.3549641541,2.86012761421765,10,NA,159,149,NA
MT,2010,4,3250315.49,18,14,Malta,   8749000000,414027,25.6,14.2,40598000,21131.472102061,7.85049161045053,14,NA,177,163,NA
MT,2011,3,7437776.58,27,24,Malta,   9513300000,414989,26,15.1,46195000,22924.2220878144,17.9228282677372,17,NA,204,187,NA
MT,2012,5,2946282.29,29,24,Malta,   9198600000,417546,26.9,16.4,59738000,22030.1475765544,7.05618612081064,22,NA,233,211,NA
MT,2013,6,3476626.86,37,31,Malta,  10134700000,421364,27.9,17.2,59054000,24052.1259528579,8.25088726137022,28,NA,270,242,NA
MT,2014,4,2007142.8,17,13,Malta,  11203200000,425384,28.4,18,60539000,26336.6746281007,4.71842570477498,32,NA,287,255,NA
MT,2015,2,429907,30,28,Malta,  10291500000,429344,29.5,18.1,67603000,23970.2895580234,1.00131130282477,34,NA,317,283,NA
MT,2016,8,6058971.78,39,31,Malta,  10956100000,434403,30.2,18.6,NA,25221.0504991908,13.9478129294687,42,NA,356,314,NA
NL,2003,19,69408652,88,69,Netherlands, 573146200000,16192572,41.4,23.8,9148000000,35395.6246110871,4.2864501081113,19,69408652,88,69,4.2864501081113
NL,2004,159,660562333,1198,1039,Netherlands, 651727700000,16258032,41.1,25.7,9469000000,40086.5061650758,40.629907297513,178,729970985,1286,1108,44.9163574056243
NL,2005,159,349295433,960,801,Netherlands, 678792200000,16305526,41.2,26.2,9772000000,41629.5800577056,21.4219052485642,337,1079266418,2246,1909,66.3382626541885
NL,2006,210,564569360,1283,1073,Netherlands, 727258600000,16334210,41.5,26.2,10175000000,44523.6469960898,34.5636158712298,547,1643835778,3529,2982,100.901878525418
NL,2007,106,301976555,584,478,Netherlands, 840500200000,16357992,41.9,26.7,10342000000,51381.6243460689,18.4604904440594,653,1945812333,4113,3460,119.362368969478
NL,2008,180,508021785.7,1137,957,Netherlands, 940080900000,16405399,40.8,27.8,10502000000,57303.1414840931,30.9667436738357,833,2453834118.7,5250,4417,150.329112643313
NL,2009,165,402264994.64,943,778,Netherlands, 861344800000,16485787,40.4,28.4,10408000000,52247.7210217504,24.4007152731016,998,2856099113.34,6193,5195,174.729827916415
NL,2010,205,660197829.37,1118,913,Netherlands, 837195500000,16574989,40.4,27.7,10892000000,50509.5659490332,39.8309663656489,1203,3516296942.71,7311,6108,214.560794282064
NL,2011,245,666634340.58,1322,1077,Netherlands, 894957200000,16655799,40.4,28,12235300000,53732.4687936016,40.0241585876487,1448,4182931283.29,8633,7185,254.584952869712
NL,2012,309,818328317.09,1443,1134,Netherlands, 828906700000,16730348,40.6,28.6,12512616000,49545.096133087,48.9128090515511,1757,5001259600.38,10076,8319,303.497761921264
NL,2013,322,904978606.53,1587,1265,Netherlands, 866914600000,16779575,41.6,29.3,12746047000,51664.8723224515,53.9333449464602,2079,5906238206.91,11663,9584,357.431106867724
NL,2014,209,534503021.63,748,539,Netherlands, 880806100000,16829289,41.4,29.7,13267860000,52337.6893700025,31.7602853947068,2288,6440741228.54,12411,10123,389.191392262431
NL,2015,369,1156167110.91,1460,1091,Netherlands, 750611100000,16900726,41.1,30.5,13630000000,44412.9500709023,68.4093163163523,2657,7596908339.45,13871,11214,457.600708578783
NL,2016,320,902375156.26,1240,920,Netherlands, 771751700000,16979120,41.1,30.8,NA,45452.9857848934,53.1461675434298,2977,8499283495.71,15111,12134,510.746876122213
PL,2003,4,3073672,48,44,Poland, 217500700000,38218531,64.3,11.6,1036049000,5690.97488336221,0.0804236039318204,4,3073672,48,44,0.0804236039318204
PL,2004,57,37450715.87,581,524,Poland, 256392100000,38190608,64.2,12.8,1138840000,6713.4856821342,0.980626332788417,61,40524387.87,629,568,1.06104993672024
PL,2005,63,25494893,513,450,Poland, 306299100000,38173835,64.3,13.9,1385658000,8023.79692792197,0.667863027123159,124,66019280.87,1142,1018,1.7289129638434
PL,2006,55,38725632.8,585,530,Poland, 344790900000,38157055,64.2,14.9,1512565000,9036.09830475649,1.0149009875107,179,104744913.67,1727,1548,2.74381395135409
PL,2007,22,4319907,192,170,Poland, 430164300000,38125479,63.9,15.7,1763618000,11282.8562757205,0.113307612476161,201,109064820.67,1919,1718,2.85712156383026
PL,2008,33,43913204.81,358,325,Poland, 538581000000,38115641,63.8,16.5,2194186000,14130.183459331,1.1521045864085,234,152978025.48,2277,2043,4.00922615023876
PL,2009,37,57820875.77,319,282,Poland, 442267200000,38135876,63.2,18.1,2095827000,11597.1428058975,1.51618061087675,271,210798901.25,2596,2325,5.52540676111551
PL,2010,34,45518451.92,342,308,Poland, 479643100000,38022869,62.6,19.4,2607505000,12614.5951795484,1.19713354402583,305,256317353.17,2938,2633,6.72254030514134
PL,2011,42,39301163.76,365,323,Poland, 529292700000,38062718,62.2,20.3,2836165000,13905.804099434,1.03253697647131,347,295618516.93,3303,2956,7.75507728161265
PL,2012,38,57238256.45,329,291,Poland, 500261200000,38063792,61.8,21.5,3429852000,13142.7052774984,1.50374551358414,385,352856773.38,3632,3247,9.25882279519679
PL,2013,32,59378749.36,351,319,Poland, 524229200000,38062535,61.3,22.6,3436284000,13772.8398804756,1.56003138939642,417,412235522.74,3983,3566,10.8188541845932
PL,2014,25,14069564.54,168,143,Poland, 545999800000,38017856,60.7,23.8,3864016000,14361.6673175889,0.37007780081023,442,426305087.28,4151,3709,11.1889319854034
PL,2015,45,58696122.91,339,294,Poland, 476856700000,38005614,60.3,24.4,4316508000,12547.0068711428,1.54440664766,487,485001210.19,4490,4003,12.7333386330634
PL,2016,52,95928224.51,320,268,Poland, 469969000000,37967209,60.3,25,NA,12378.2867473877,2.52660722335424,539,580929434.7,4810,4271,15.2599458564177
PT,2003,1,899932,23,22,Portugal, 165334200000,10444592,14.9,9.4,1019581000,15829.6465769079,0.0861624848534055,1,899932,23,22,0.0861624848534055
PT,2004,36,65777656,423,387,Portugal, 189535000000,10473050,15.5,10.8,1110346000,18097.4023803954,6.2806590248304,37,66677588,446,409,6.3668215096838
PT,2005,22,15463330,226,204,Portugal, 197379600000,10494672,16.3,11.1,1201112000,18807.6006567904,1.47344576371706,59,82140918,672,613,7.84026727340086
PT,2006,38,58614210,376,338,Portugal, 208741900000,10511988,16.7,11.7,1586922000,19857.509350277,5.57593958440592,97,140755128,1048,951,13.4162068578068
PT,2007,12,12439009,123,111,Portugal, 240478500000,10532588,16.6,12,1972733000,22831.8529121238,1.18100214306303,109,153194137,1171,1062,14.5972090008698
PT,2008,30,50232649.36,305,275,Portugal, 263085800000,10553339,16.6,12.6,2585075000,24929.1527544031,4.75988209608352,139,203426786.36,1476,1337,19.3570910969533
PT,2009,47,39120690.13,294,247,Portugal, 244715100000,10563014,17.7,13.1,2771600000,23167.1661137626,3.70355375179849,186,242547476.49,1770,1584,23.0606448487518
PT,2010,53,62997408.57,344,291,Portugal, 238533000000,10573479,18.8,13.9,2757555000,22559.5567929912,5.95805870234385,239,305544885.06,2114,1875,29.0187035510957
PT,2011,38,59795366.62,350,312,Portugal, 245223900000,10572721,20.3,15.5,2566450000,23194.019779771,5.6556270254365,277,365340251.68,2464,2187,34.6743305765322
PT,2012,59,64961968.82,407,348,Portugal, 216357700000,10542398,21.7,16.7,2320133000,20522.6268255097,6.16197271436726,336,430302220.5,2871,2535,40.8363032908994
PT,2013,66,119377527.9,455,389,Portugal, 226134700000,10487289,23,17.6,2258471000,21562.7413338185,11.3830683887895,402,549679748.4,3326,2924,52.219371679689
PT,2014,44,50610428.51,237,193,Portugal, 229935500000,10427301,24,19.7,2232249000,22051.2959202003,4.85364606910264,446,600290176.91,3563,3117,57.0730177487916
PT,2015,88,153861371.05,502,414,Portugal, 199160100000,10374822,24.9,20.7,2289143000,19196.4835637662,14.8302661048064,534,754151547.96,4065,3531,71.903283853598
PT,2016,94,130566563.91,425,331,Portugal, 204700300000,10341330,25.6,21.2,NA,19794.3881492999,12.6257032615727,628,884718111.87,4490,3862,84.5289871151708
RO,2004,11,4057940,170,159,Romania,  76380400000,21521142,56.8,8.7,235219000,3549.08675385349,0.188555979046093,11,4057940,170,159,0.188555979046093
RO,2005,26,12872296,171,145,Romania,  99808600000,21382354,57.6,9.1,326897000,4667.80224478558,0.602005560285832,37,16930236,341,304,0.790561539331925
RO,2006,4,115952,190,186,Romania, 123574400000,21257016,58.4,9.6,444098000,5813.34652050881,0.00545476373541799,41,17046188,531,490,0.796016303067343
RO,2007,6,836782,87,81,Romania, 171865300000,21130503,59.1,9.9,652815000,8133.51674590993,0.0396006663920873,47,17882970,618,571,0.835616969459431
RO,2008,12,19598645.19,215,203,Romania, 209436500000,20635460,59.2,10.7,809401000,10149.3497116129,0.949755672517114,59,37481615.19,833,774,1.78537264197654
RO,2009,9,10479274.66,164,155,Romania, 167946700000,20440290,58.6,11.2,555887000,8216.45387614364,0.512677396455725,68,47960889.85,997,929,2.29805003843227
RO,2010,6,3803488.4,139,133,Romania, 168027700000,20294683,57.5,11.9,572971000,8279.39514995134,0.187413048038247,74,51764378.25,1136,1062,2.48546308647052
RO,2011,11,10653476.51,151,140,Romania, 185561900000,20199059,57.2,12.9,657411000,9186.66062612125,0.527424396849378,85,62417854.76,1287,1202,3.01288748331989
RO,2012,7,3872858.9,144,137,Romania, 171535400000,20095996,57.3,13.5,644211000,8535.79986779456,0.192717937443857,92,66290713.66,1431,1339,3.20560542076375
RO,2013,10,9043832.48,193,183,Romania, 191583000000,20020074,57.3,13.8,557769000,9569.54504763569,0.451738214354253,102,75334546.14,1624,1522,3.657343635118
RO,2014,7,14690577.45,81,74,Romania, 199749900000,19947311,54.6,14.2,575120000,10013.8760557751,0.736469063424138,109,90025123.59,1705,1596,4.39381269854214
RO,2015,12,9489858.65,187,175,Romania, 177479700000,19870647,55.6,15,782142000,8931.752448725,0.47758176419721,121,99514982.24,1892,1771,4.87139446273935
RO,2016,14,12421849.6,183,169,Romania, 187706000000,19760314,56.6,15.1,NA,9499.1405500945,0.628626124058555,135,111936831.84,2075,1940,5.50002058679791
SE,2003,7,21593520,58,51,Sweden, 331944400000,8940788,54,23.9,10606190000,37126.973595616,2.41516966960854,7,21593520,58,51,2.41516966960854
SE,2004,81,366512972,882,801,Sweden, 382416500000,8975670,53.8,24.7,10426115000,42605.9001723548,40.8340516084036,88,388106492,940,852,43.2492212780121
SE,2005,91,230842052,676,585,Sweden, 389674500000,9011392,52.8,25.9,10608692000,43242.4313579966,25.6166918496055,179,618948544,1616,1437,68.8659131276176
SE,2006,105,260107655.15,804,699,Sweden, 420470900000,9047752,47.2,25.9,11721757000,46472.4165737522,28.7483183833951,284,879056199.15,2420,2136,97.6142315110127
SE,2007,44,56262011,265,221,Sweden, 488493200000,9113257,47.1,26.4,11607658000,53602.4826250374,6.17364472438339,328,935318210.15,2685,2357,103.787876235396
SE,2008,98,321755651.03,718,620,Sweden, 518187900000,9182927,47,26.9,12314356000,56429.491381125,35.0384633385412,426,1257073861.18,3403,2977,138.826339573937
SE,2009,91,263025894.6,602,511,Sweden, 431939800000,9256347,47,27.6,10682826000,46664.1754031045,28.4157340471354,517,1520099755.78,4005,3488,167.242073621073
SE,2010,105,257079544.78,638,533,Sweden, 489284800000,9340682,46.7,28.2,11869921000,52382.1279859436,27.5225668511143,622,1777179300.56,4643,4021,194.764640472187
SE,2011,116,401610654.6,726,610,Sweden, 563684200000,9415570,46.5,29.1,13157434000,59867.241176052,42.6538865517436,738,2178789955.16,5369,4631,237.418527023931
SE,2012,125,364257515.49,758,633,Sweden, 543908200000,9482855,46.1,30.1,13891270000,57357.0090442172,38.4122203165608,863,2543047470.65,6127,5264,275.830747340491
SE,2013,116,478654604.85,848,732,Sweden, 578722300000,9555893,45.7,31.4,14406172000,60561.8229505081,50.0899920970233,979,3021702075.5,6975,5996,325.920739437515
SE,2014,84,189954637.63,325,241,Sweden, 574830100000,9644864,45,32.8,13611914000,59599.6065885429,19.6949005843939,1063,3211656713.13,7300,6237,345.615640021909
SE,2015,137,368635768.19,676,539,Sweden, 495957000000,9747355,44.4,34,14581387000,50881.1877683741,37.8190563686251,1200,3580292481.32,7976,6776,383.434696390534
SE,2016,118,306395873.53,630,512,Sweden, 511849100000,9851017,43.8,35,NA,51959.0109325768,31.1029687117584,1318,3886688354.85,8606,7288,414.537665102292
SI,2004,5,6665218,144,139,Slovenia,  34501600000,1996433,59.9,15.7,379452000,17281.6217724311,3.33856332769494,5,6665218,144,139,3.33856332769494
SI,2005,12,5548241,171,159,Slovenia,  36371700000,1997590,59.4,16.7,412889000,18207.7903874168,2.77746734815453,17,12213459,315,298,6.11603067584947
SI,2006,11,4238373,237,226,Slovenia,  39628200000,2003358,59.4,17.8,483812000,19780.887889234,2.11563434992647,28,16451832,552,524,8.23166502577594
SI,2007,5,4013102.23,59,54,Slovenia,  48176600000,2010377,59.3,18.5,500510000,23963.9629780882,1.99619386314109,33,20464934.23,611,578,10.227858888917
SI,2008,9,34657509.51,174,165,Slovenia,  55818600000,2010269,59.2,19,616949000,27766.7317160042,17.2402347695756,42,55122443.74,785,743,27.4680936584926
SI,2009,7,8425041.09,133,126,Slovenia,  50444600000,2032362,59.6,19.6,656882000,24820.6766314269,4.14544312971803,49,63547484.83,918,869,31.6135367882107
SI,2010,4,418271.6,117,113,Slovenia,  48059800000,2046976,58.9,20.2,745942000,23478.438437969,0.204336347861431,53,63965756.43,1035,982,31.8178731360721
SI,2011,9,21283406.28,130,121,Slovenia,  51359700000,2050189,58.8,21.6,894213000,25051.2025964435,10.3811923095871,62,85249162.71,1165,1103,42.1990654456592
SI,2012,14,39274764.38,158,144,Slovenia,  46256000000,2055496,58,23,928306000,22503.5709142708,19.1071957230761,76,124523927.09,1323,1247,61.3062611687353
SI,2013,7,15245171.72,156,149,Slovenia,  47701500000,2058821,57.1,24.4,935006000,23169.328465175,7.40480678990548,83,139769098.81,1479,1396,68.7110679586408
SI,2014,10,11059840.43,70,60,Slovenia,  49596100000,2061085,56.5,25.1,890232000,24063.1026862065,5.36602829577625,93,150828939.24,1549,1456,74.077096254417
SI,2015,33,58916160.75,206,173,Slovenia,  42793400000,2062874,55.9,26.6,853067000,20744.5534724855,28.5602323505944,126,209745099.99,1755,1629,102.637328605011
SI,2016,27,33699736.38,154,127,Slovenia,  44020400000,2064188,55.9,26.9,NA,21325.770714683,16.3259046075261,153,243444836.37,1909,1756,118.963233212537
SK,2003,2,557289,11,9,Slovakia,  34009000000,5374873,69.9,9.6,169103000,6327.40531729773,0.103684124257448,2,557289,11,9,0.103684124257448
SK,2004,13,6821131,130,117,Slovakia,  43166200000,5371875,68.9,10.4,174028000,8035.59278650378,1.26978587550902,15,7378420,141,126,1.37346999976646
SK,2005,9,2082765,132,123,Slovakia,  48953200000,5372685,68.7,11.4,194376000,9111.49639333034,0.38765812624414,24,9461185,273,249,1.7611281260106
SK,2006,6,3617322,130,124,Slovakia,  57167700000,5372928,69.2,11.9,216562000,10639.9527408519,0.673249669453974,30,13078507,403,373,2.43437779546458
SK,2007,4,234600,48,44,Slovakia,  77079200000,5373180,69.7,11.9,252100000,14345.1736215798,0.0436612955456545,34,13313107,451,417,2.47803909101023
SK,2008,2,281657.82,90,88,Slovakia,  97076900000,5376064,70.1,12.3,304962000,18057.2441101892,0.0523910838859061,36,13594764.82,541,505,2.53043017489614
SK,2009,10,6517436.33,78,68,Slovakia,  89299400000,5382401,70.1,13.4,302994000,16590.9972148118,1.2108789980531,46,20112201.15,619,573,3.74130917294924
SK,2010,4,1047406,69,65,Slovakia,  89587200000,5390410,68.7,15.1,416369000,16619.7376451884,0.194309152736063,50,21159607.15,688,638,3.9356183256853
SK,2011,2,3609173,64,62,Slovakia,  98313100000,5392446,68,16.4,468439000,18231.633659382,0.669301649010486,52,24768780.15,752,700,4.60491997469579
SK,2012,5,8134194.6,61,56,Slovakia,  93409500000,5404322,68,17,585225000,17284.2217765707,1.50512767373965,57,32902974.75,813,756,6.11004764843543
SK,2013,10,12897936.46,82,72,Slovakia,  98505000000,5410836,67.5,17.7,610876000,18205.1350290417,2.38372341353536,67,45800911.21,895,828,8.49377106197079
SK,2014,6,15185169.13,29,23,Slovakia, 100894700000,5415949,66.7,18.1,669632000,18629.1820694767,2.80378731963687,73,60986080.34,924,851,11.2975583816077
SK,2015,12,11880998.72,95,83,Slovakia,  87301700000,5421349,66.5,18.9,927272000,16103.316720617,2.19152073035696,85,72867079.06,1019,934,13.4890791119646
SK,2016,15,7083234.96,111,96,Slovakia,  89612400000,5426252,66.3,19.5,NA,16514.6034500425,1.30536417401919,100,79950314.02,1130,1030,14.7944432859838
UK,2003,45,90449847,201,156,United Kingdom,2031038500000,59501394,44.8,25.5,28754480000,34134.3011224241,1.52012988132681,45,90449847,201,156,1.52012988132681
UK,2004,400,1408489704.13,2732,2332,United Kingdom,2391673000000,59793759,44.1,26.3,29833653000,39998.7062194902,23.5557979241613,445,1498939551.13,2933,2488,25.0759278054881
UK,2005,490,794024282,2247,1757,United Kingdom,2509772500000,60182050,44.8,26.8,31706932000,41703.0077905289,13.1937061299839,935,2292963833.13,5180,4245,38.269633935472
UK,2006,491,724527730,2627,2136,United Kingdom,2680983100000,60620361,44.9,27.6,34037113000,44225.7857883756,11.9518874194761,1426,3017491563.13,7807,6381,50.2215213549481
UK,2007,274,260097465,1031,757,United Kingdom,3065851400000,61073279,44.3,28.7,36529062000,50199.5545384095,4.25877682120195,1700,3277589028.13,8838,7138,54.4802981761501
UK,2008,496,973416190.4,2363,1867,United Kingdom,2889312600000,61571647,44.4,28.7,32200441000,46926.0242461924,15.8094876104256,2196,4251005218.53,11201,9005,70.2897857865757
UK,2009,539,1187504992.24,2094,1555,United Kingdom,2378770100000,62042343,44.2,30,29030868000,38341.0745786954,19.1402344724473,2735,5438510210.77,13295,10560,89.430020259023
UK,2010,638,1036221082.55,2481,1843,United Kingdom,2430036300000,62510197,44.2,31.6,30732105000,38874.2383902581,16.5768327773787,3373,6474731293.32,15776,12403,106.006853036402
UK,2011,749,1386153417.58,2999,2250,United Kingdom,2611602300000,63022532,43,33.2,31547068000,41439.1840048572,21.9945688246864,4122,7860884710.9,18775,14653,128.001421861088
UK,2012,870,1472794627.49,3087,2217,United Kingdom,2654058600000,63495303,43.1,34.6,33303737000,41799.2902561627,23.1953319049442,4992,9333679338.39,21862,16870,151.196753766032
UK,2013,1013,1987010755.2,3496,2483,United Kingdom,2720384400000,63905297,42.7,35.6,33998705000,42568.9970582564,31.0930525086207,6005,11320690093.59,25358,19353,182.289806274653
UK,2014,805,889546658.94,1822,1017,United Kingdom,3003479200000,64351155,42.5,36.6,37960055000,46673.2757166519,13.8233207926105,6810,12210236752.53,27180,20370,196.113127067263
UK,2015,973,1499898163.76,2903,1930,United Kingdom,2862581500000,64875165,42.1,37.6,43878203000,44124.4581034977,23.1197587514421,7783,13710134916.29,30083,22300,219.232885818706
UK,2016,995,1742078457.38,2605,1610,United Kingdom,2619934800000,65382556,41.4,38.2,NA,40070.8531492712,26.644392081888,8778,15452213373.67,32688,23910,245.877277900594
