frameworkContract;country2;country1;NbProject2;NbProject1;nbLink
FP6;BE;AT;1960;3073;1309
FP6;BG;BE;3073;463;334
FP6;BG;AT;1960;463;242
FP6;CY;AT;1960;233;97
FP6;CY;BG;463;233;64
FP6;CY;BE;3073;233;160
FP6;CZ;BG;463;1076;162
FP6;CZ;AT;1960;1076;604
FP6;CZ;CY;233;1076;81
FP6;CZ;BE;3073;1076;825
FP6;DE;CZ;1076;10518;2866
FP6;DE;AT;1960;10518;5724
FP6;DE;CY;233;10518;397
FP6;DE;BE;3073;10518;7668
FP6;DE;BG;463;10518;828
FP6;DK;AT;1960;1723;731
FP6;DK;BE;3073;1723;1270
FP6;DK;CY;233;1723;92
FP6;DK;DE;10518;1723;4133
FP6;DK;BG;463;1723;205
FP6;DK;CZ;1076;1723;484
FP6;EE;AT;1960;387;162
FP6;EE;BE;3073;387;221
FP6;EE;BG;463;387;82
FP6;EE;CY;233;387;46
FP6;EE;DK;1723;387;226
FP6;EE;DE;10518;387;614
FP6;EE;CZ;1076;387;109
FP6;EL;BG;463;2332;376
FP6;EL;DE;10518;2332;5636
FP6;EL;BE;3073;2332;1719
FP6;EL;DK;1723;2332;908
FP6;EL;EE;387;2332;165
FP6;EL;AT;1960;2332;1024
FP6;EL;CY;233;2332;321
FP6;EL;CZ;1076;2332;522
FP6;ES;BE;3073;5068;3694
FP6;ES;EE;387;5068;331
FP6;ES;CZ;1076;5068;1275
FP6;ES;CY;233;5068;283
FP6;ES;AT;1960;5068;1952
FP6;ES;DK;1723;5068;1982
FP6;ES;DE;10518;5068;12096
FP6;ES;BG;463;5068;450
FP6;ES;EL;2332;5068;3113
FP6;FI;CZ;1076;1440;420
FP6;FI;DK;1723;1440;829
FP6;FI;CY;233;1440;82
FP6;FI;ES;5068;1440;1681
FP6;FI;AT;1960;1440;679
FP6;FI;DE;10518;1440;3878
FP6;FI;BG;463;1440;175
FP6;FI;EE;387;1440;206
FP6;FI;EL;2332;1440;862
FP6;FI;BE;3073;1440;1084
FP6;FR;CY;233;7888;338
FP6;FR;EL;2332;7888;4663
FP6;FR;BG;463;7888;565
FP6;FR;EE;387;7888;396
FP6;FR;DE;10518;7888;21422
FP6;FR;CZ;1076;7888;1923
FP6;FR;ES;5068;7888;9736
FP6;FR;AT;1960;7888;3131
FP6;FR;FI;1440;7888;2560
FP6;FR;BE;3073;7888;6748
FP6;FR;DK;1723;7888;2846
FP6;HR;FI;1440;152;46
FP6;HR;CY;233;152;29
FP6;HR;BE;3073;152;107
FP6;HR;BG;463;152;51
FP6;HR;AT;1960;152;92
FP6;HR;CZ;1076;152;42
FP6;HR;EL;2332;152;149
FP6;HR;DE;10518;152;252
FP6;HR;ES;5068;152;145
FP6;HR;FR;7888;152;195
FP6;HR;EE;387;152;26
FP6;HR;DK;1723;152;62
FP6;HU;EE;387;1191;152
FP6;HU;DE;10518;1191;2478
FP6;HU;EL;2332;1191;568
FP6;HU;ES;5068;1191;1378
FP6;HU;FR;7888;1191;1882
FP6;HU;BE;3073;1191;868
FP6;HU;AT;1960;1191;676
FP6;HU;HR;152;1191;73
FP6;HU;CZ;1076;1191;403
FP6;HU;FI;1440;1191;437
FP6;HU;DK;1723;1191;492
FP6;HU;BG;463;1191;265
FP6;HU;CY;233;1191;95
FP6;IE;EL;2332;906;522
FP6;IE;CZ;1076;906;186
FP6;IE;ES;5068;906;1083
FP6;IE;CY;233;906;49
FP6;IE;BE;3073;906;678
FP6;IE;FI;1440;906;338
FP6;IE;BG;463;906;96
FP6;IE;EE;387;906;83
FP6;IE;DE;10518;906;1864
FP6;IE;DK;1723;906;451
FP6;IE;AT;1960;906;373
FP6;IE;FR;7888;906;1483
FP6;IE;HR;152;906;30
FP6;IE;HU;1191;906;234
FP6;IT;FR;7888;6619;13430
FP6;IT;EL;2332;6619;4463
FP6;IT;AT;1960;6619;2715
FP6;IT;CZ;1076;6619;1672
FP6;IT;CY;233;6619;423
FP6;IT;ES;5068;6619;8753
FP6;IT;EE;387;6619;414
FP6;IT;HU;1191;6619;1742
FP6;IT;IE;906;6619;1269
FP6;IT;BG;463;6619;666
FP6;IT;DE;10518;6619;17144
FP6;IT;HR;152;6619;213
FP6;IT;FI;1440;6619;2163
FP6;IT;DK;1723;6619;2326
FP6;IT;BE;3073;6619;5066
FP6;LT;BE;3073;344;177
FP6;LT;DE;10518;344;516
FP6;LT;IE;906;344;70
FP6;LT;ES;5068;344;283
FP6;LT;CZ;1076;344;133
FP6;LT;IT;6619;344;419
FP6;LT;FI;1440;344;119
FP6;LT;AT;1960;344;142
FP6;LT;EE;387;344;111
FP6;LT;DK;1723;344;157
FP6;LT;FR;7888;344;356
FP6;LT;HU;1191;344;153
FP6;LT;EL;2332;344;148
FP6;LT;CY;233;344;48
FP6;LT;HR;152;344;15
FP6;LT;BG;463;344;96
FP6;LU;AT;1960;111;79
FP6;LU;CZ;1076;111;29
FP6;LU;HR;152;111;6
FP6;LU;FR;7888;111;180
FP6;LU;DK;1723;111;22
FP6;LU;BE;3073;111;124
FP6;LU;DE;10518;111;260
FP6;LU;HU;1191;111;23
FP6;LU;IE;906;111;29
FP6;LU;IT;6619;111;123
FP6;LU;BG;463;111;14
FP6;LU;EL;2332;111;64
FP6;LU;EE;387;111;12
FP6;LU;FI;1440;111;37
FP6;LU;CY;233;111;15
FP6;LU;ES;5068;111;66
FP6;LU;LT;344;111;13
FP6;LV;IT;6619;219;247
FP6;LV;AT;1960;219;118
FP6;LV;CY;233;219;42
FP6;LV;DK;1723;219;107
FP6;LV;BE;3073;219;142
FP6;LV;FI;1440;219;113
FP6;LV;LT;344;219;103
FP6;LV;DE;10518;219;426
FP6;LV;CZ;1076;219;88
FP6;LV;LU;111;219;13
FP6;LV;HR;152;219;22
FP6;LV;HU;1191;219;121
FP6;LV;ES;5068;219;183
FP6;LV;BG;463;219;57
FP6;LV;FR;7888;219;296
FP6;LV;EL;2332;219;104
FP6;LV;IE;906;219;42
FP6;LV;EE;387;219;86
FP6;MT;EE;387;131;42
FP6;MT;BE;3073;131;57
FP6;MT;EL;2332;131;94
FP6;MT;IT;6619;131;186
FP6;MT;BG;463;131;42
FP6;MT;AT;1960;131;62
FP6;MT;HR;152;131;9
FP6;MT;LT;344;131;34
FP6;MT;FR;7888;131;138
FP6;MT;CY;233;131;42
FP6;MT;LV;219;131;29
FP6;MT;ES;5068;131;190
FP6;MT;CZ;1076;131;38
FP6;MT;LU;111;131;3
FP6;MT;DK;1723;131;47
FP6;MT;HU;1191;131;79
FP6;MT;FI;1440;131;26
FP6;MT;IE;906;131;30
FP6;MT;DE;10518;131;168
FP6;NL;IE;906;4093;927
FP6;NL;MT;131;4093;68
FP6;NL;FI;1440;4093;1438
FP6;NL;DE;10518;4093;10395
FP6;NL;BG;463;4093;439
FP6;NL;EL;2332;4093;1969
FP6;NL;FR;7888;4093;7115
FP6;NL;BE;3073;4093;3429
FP6;NL;ES;5068;4093;4618
FP6;NL;CZ;1076;4093;1089
FP6;NL;AT;1960;4093;1795
FP6;NL;IT;6619;4093;5736
FP6;NL;CY;233;4093;172
FP6;NL;EE;387;4093;260
FP6;NL;LU;111;4093;94
FP6;NL;HU;1191;4093;1171
FP6;NL;LV;219;4093;192
FP6;NL;DK;1723;4093;2327
FP6;NL;HR;152;4093;121
FP6;NL;LT;344;4093;242
FP6;PL;CY;233;1901;121
FP6;PL;BG;463;1901;312
FP6;PL;LT;344;1901;224
FP6;PL;DE;10518;1901;4515
FP6;PL;FR;7888;1901;3061
FP6;PL;ES;5068;1901;2250
FP6;PL;MT;131;1901;69
FP6;PL;BE;3073;1901;1317
FP6;PL;NL;4093;1901;1794
FP6;PL;EL;2332;1901;924
FP6;PL;AT;1960;1901;894
FP6;PL;HR;152;1901;95
FP6;PL;IT;6619;1901;2895
FP6;PL;LU;111;1901;60
FP6;PL;IE;906;1901;378
FP6;PL;DK;1723;1901;809
FP6;PL;HU;1191;1901;636
FP6;PL;EE;387;1901;214
FP6;PL;LV;219;1901;184
FP6;PL;CZ;1076;1901;570
FP6;PL;FI;1440;1901;654
FP6;PT;DE;10518;1170;2721
FP6;PT;DK;1723;1170;484
FP6;PT;FI;1440;1170;393
FP6;PT;CY;233;1170;107
FP6;PT;IE;906;1170;314
FP6;PT;EE;387;1170;86
FP6;PT;MT;131;1170;56
FP6;PT;LU;111;1170;28
FP6;PT;LV;219;1170;77
FP6;PT;CZ;1076;1170;277
FP6;PT;FR;7888;1170;2397
FP6;PT;HU;1191;1170;344
FP6;PT;ES;5068;1170;1851
FP6;PT;HR;152;1170;52
FP6;PT;AT;1960;1170;457
FP6;PT;PL;1901;1170;623
FP6;PT;BE;3073;1170;966
FP6;PT;BG;463;1170;156
FP6;PT;EL;2332;1170;883
FP6;PT;IT;6619;1170;2180
FP6;PT;LT;344;1170;69
FP6;PT;NL;4093;1170;1080
FP6;RO;BE;3073;609;374
FP6;RO;MT;131;609;44
FP6;RO;BG;463;609;224
FP6;RO;DE;10518;609;1269
FP6;RO;DK;1723;609;205
FP6;RO;ES;5068;609;753
FP6;RO;EE;387;609;88
FP6;RO;AT;1960;609;302
FP6;RO;LV;219;609;71
FP6;RO;CY;233;609;81
FP6;RO;LT;344;609;96
FP6;RO;IT;6619;609;1070
FP6;RO;LU;111;609;17
FP6;RO;FI;1440;609;194
FP6;RO;IE;906;609;105
FP6;RO;PL;1901;609;368
FP6;RO;CZ;1076;609;204
FP6;RO;NL;4093;609;446
FP6;RO;HU;1191;609;283
FP6;RO;HR;152;609;65
FP6;RO;EL;2332;609;624
FP6;RO;PT;1170;609;192
FP6;RO;FR;7888;609;1061
FP6;SE;CY;233;2663;94
FP6;SE;BE;3073;2663;2148
FP6;SE;DE;10518;2663;7647
FP6;SE;MT;131;2663;49
FP6;SE;NL;4093;2663;2840
FP6;SE;IT;6619;2663;4097
FP6;SE;CZ;1076;2663;722
FP6;SE;LT;344;2663;197
FP6;SE;LV;219;2663;166
FP6;SE;IE;906;2663;544
FP6;SE;PL;1901;2663;1147
FP6;SE;EE;387;2663;317
FP6;SE;RO;609;2663;305
FP6;SE;HR;152;2663;78
FP6;SE;FI;1440;2663;1472
FP6;SE;BG;463;2663;215
FP6;SE;HU;1191;2663;664
FP6;SE;ES;5068;2663;3080
FP6;SE;AT;1960;2663;1224
FP6;SE;LU;111;2663;54
FP6;SE;DK;1723;2663;1519
FP6;SE;PT;1170;2663;755
FP6;SE;EL;2332;2663;1338
FP6;SE;FR;7888;2663;5229
FP6;SI;LV;219;618;79
FP6;SI;SE;2663;618;308
FP6;SI;CY;233;618;60
FP6;SI;RO;609;618;143
FP6;SI;EL;2332;618;297
FP6;SI;DE;10518;618;1295
FP6;SI;PL;1901;618;406
FP6;SI;FI;1440;618;191
FP6;SI;LT;344;618;116
FP6;SI;DK;1723;618;259
FP6;SI;IE;906;618;111
FP6;SI;EE;387;618;83
FP6;SI;MT;131;618;36
FP6;SI;HU;1191;618;264
FP6;SI;CZ;1076;618;199
FP6;SI;ES;5068;618;723
FP6;SI;AT;1960;618;409
FP6;SI;HR;152;618;73
FP6;SI;BE;3073;618;441
FP6;SI;LU;111;618;34
FP6;SI;IT;6619;618;839
FP6;SI;NL;4093;618;508
FP6;SI;FR;7888;618;957
FP6;SI;PT;1170;618;167
FP6;SI;BG;463;618;139
FP6;SK;CY;233;441;52
FP6;SK;EE;387;441;79
FP6;SK;HR;152;441;31
FP6;SK;PL;1901;441;306
FP6;SK;RO;609;441;140
FP6;SK;IE;906;441;88
FP6;SK;LV;219;441;65
FP6;SK;FR;7888;441;597
FP6;SK;AT;1960;441;283
FP6;SK;BE;3073;441;302
FP6;SK;DE;10518;441;882
FP6;SK;DK;1723;441;174
FP6;SK;SE;2663;441;251
FP6;SK;ES;5068;441;439
FP6;SK;HU;1191;441;268
FP6;SK;EL;2332;441;196
FP6;SK;LU;111;441;21
FP6;SK;LT;344;441;91
FP6;SK;PT;1170;441;119
FP6;SK;MT;131;441;40
FP6;SK;CZ;1076;441;219
FP6;SK;FI;1440;441;177
FP6;SK;BG;463;441;132
FP6;SK;SI;618;441;126
FP6;SK;IT;6619;441;601
FP6;SK;NL;4093;441;346
FP6;UK;MT;131;8827;143
FP6;UK;SK;441;8827;671
FP6;UK;HR;152;8827;205
FP6;UK;SE;2663;8827;5774
FP6;UK;CZ;1076;8827;2196
FP6;UK;ES;5068;8827;9703
FP6;UK;LT;344;8827;561
FP6;UK;RO;609;8827;935
FP6;UK;SI;618;8827;879
FP6;UK;IT;6619;8827;12873
FP6;UK;FI;1440;8827;2988
FP6;UK;EE;387;8827;623
FP6;UK;EL;2332;8827;4422
FP6;UK;FR;7888;8827;16345
FP6;UK;IE;906;8827;2047
FP6;UK;DE;10518;8827;20910
FP6;UK;DK;1723;8827;4149
FP6;UK;PT;1170;8827;2363
FP6;UK;PL;1901;8827;3495
FP6;UK;BG;463;8827;783
FP6;UK;NL;4093;8827;8802
FP6;UK;LU;111;8827;168
FP6;UK;LV;219;8827;339
FP6;UK;CY;233;8827;379
FP6;UK;AT;1960;8827;3318
FP6;UK;HU;1191;8827;2001
FP6;UK;BE;3073;8827;6090
FP7;BE;AT;3540;5816;1959
FP7;BG;BE;5816;701;380
FP7;BG;AT;3540;701;273
FP7;CY;AT;3540;471;130
FP7;CY;BG;701;471;87
FP7;CY;BE;5816;471;240
FP7;CZ;AT;3540;1399;624
FP7;CZ;BE;5816;1399;921
FP7;CZ;BG;701;1399;164
FP7;CZ;CY;471;1399;77
FP7;DE;AT;3540;18319;7193
FP7;DE;CY;471;18319;570
FP7;DE;BE;5816;18319;9836
FP7;DE;BG;701;18319;890
FP7;DE;CZ;1399;18319;2873
FP7;DK;BG;701;2822;160
FP7;DK;BE;5816;2822;1590
FP7;DK;AT;3540;2822;894
FP7;DK;CZ;1399;2822;381
FP7;DK;CY;471;2822;93
FP7;DK;DE;18319;2822;4692
FP7;EE;CZ;1399;549;91
FP7;EE;BG;701;549;83
FP7;EE;DE;18319;549;699
FP7;EE;AT;3540;549;215
FP7;EE;DK;2822;549;176
FP7;EE;BE;5816;549;265
FP7;EE;CY;471;549;61
FP7;EL;DK;2822;3750;744
FP7;EL;CY;471;3750;530
FP7;EL;CZ;1399;3750;521
FP7;EL;EE;549;3750;211
FP7;EL;AT;3540;3750;1043
FP7;EL;DE;18319;3750;5551
FP7;EL;BE;5816;3750;1769
FP7;EL;BG;701;3750;496
FP7;ES;BE;5816;11474;6053
FP7;ES;EL;3750;11474;4355
FP7;ES;CY;471;11474;535
FP7;ES;DK;2822;11474;2710
FP7;ES;EE;549;11474;471
FP7;ES;BG;701;11474;755
FP7;ES;DE;18319;11474;17361
FP7;ES;CZ;1399;11474;1663
FP7;ES;AT;3540;11474;3377
FP7;FI;EE;549;2723;273
FP7;FI;CZ;1399;2723;504
FP7;FI;ES;11474;2723;3474
FP7;FI;AT;3540;2723;1176
FP7;FI;CY;471;2723;115
FP7;FI;DE;18319;2723;5229
FP7;FI;BG;701;2723;171
FP7;FI;DK;2822;2723;933
FP7;FI;EL;3750;2723;1034
FP7;FI;BE;5816;2723;1546
FP7;FR;DK;2822;13245;2727
FP7;FR;BG;701;13245;705
FP7;FR;AT;3540;13245;3877
FP7;FR;FI;2723;13245;3363
FP7;FR;CY;471;13245;475
FP7;FR;DE;18319;13245;23807
FP7;FR;EE;549;13245;464
FP7;FR;ES;11474;13245;13336
FP7;FR;BE;5816;13245;7618
FP7;FR;CZ;1399;13245;1879
FP7;FR;EL;3750;13245;4396
FP7;HR;AT;3540;410;175
FP7;HR;FR;13245;410;362
FP7;HR;DE;18319;410;602
FP7;HR;EL;3750;410;273
FP7;HR;CY;471;410;65
FP7;HR;BG;701;410;98
FP7;HR;FI;2723;410;121
FP7;HR;ES;11474;410;444
FP7;HR;BE;5816;410;254
FP7;HR;DK;2822;410;85
FP7;HR;CZ;1399;410;78
FP7;HR;EE;549;410;59
FP7;HU;ES;11474;1630;1597
FP7;HU;DK;2822;1630;370
FP7;HU;CY;471;1630;99
FP7;HU;AT;3540;1630;583
FP7;HU;HR;410;1630;127
FP7;HU;DE;18319;1630;2419
FP7;HU;FR;13245;1630;1703
FP7;HU;CZ;1399;1630;345
FP7;HU;EL;3750;1630;631
FP7;HU;BG;701;1630;220
FP7;HU;EE;549;1630;130
FP7;HU;FI;2723;1630;466
FP7;HU;BE;5816;1630;902
FP7;IE;CY;471;1981;116
FP7;IE;EE;549;1981;101
FP7;IE;BG;701;1981;129
FP7;IE;AT;3540;1981;508
FP7;IE;FR;13245;1981;1837
FP7;IE;BE;5816;1981;905
FP7;IE;EL;3750;1981;651
FP7;IE;ES;11474;1981;1962
FP7;IE;FI;2723;1981;504
FP7;IE;CZ;1399;1981;265
FP7;IE;DK;2822;1981;609
FP7;IE;HR;410;1981;67
FP7;IE;DE;18319;1981;2512
FP7;IE;HU;1630;1981;256
FP7;IT;AT;3540;11991;3807
FP7;IT;ES;11474;11991;13980
FP7;IT;FI;2723;11991;3035
FP7;IT;CZ;1399;11991;1746
FP7;IT;CY;471;11991;525
FP7;IT;EL;3750;11991;4990
FP7;IT;DE;18319;11991;20582
FP7;IT;BG;701;11991;871
FP7;IT;HU;1630;11991;1701
FP7;IT;BE;5816;11991;6686
FP7;IT;FR;13245;11991;15784
FP7;IT;EE;549;11991;499
FP7;IT;DK;2822;11991;2603
FP7;IT;IE;1981;11991;1736
FP7;IT;HR;410;11991;422
FP7;LT;FI;2723;416;148
FP7;LT;HU;1630;416;114
FP7;LT;DK;2822;416;231
FP7;LT;CY;471;416;44
FP7;LT;IE;1981;416;79
FP7;LT;DE;18319;416;530
FP7;LT;BE;5816;416;288
FP7;LT;EL;3750;416;165
FP7;LT;BG;701;416;86
FP7;LT;HR;410;416;32
FP7;LT;IT;11991;416;434
FP7;LT;CZ;1399;416;91
FP7;LT;AT;3540;416;134
FP7;LT;EE;549;416;89
FP7;LT;FR;13245;416;405
FP7;LT;ES;11474;416;370
FP7;LU;AT;3540;244;91
FP7;LU;IT;11991;244;251
FP7;LU;HU;1630;244;50
FP7;LU;DK;2822;244;50
FP7;LU;BE;5816;244;214
FP7;LU;DE;18319;244;363
FP7;LU;HR;410;244;21
FP7;LU;FI;2723;244;71
FP7;LU;EL;3750;244;113
FP7;LU;IE;1981;244;61
FP7;LU;EE;549;244;37
FP7;LU;ES;11474;244;244
FP7;LU;FR;13245;244;264
FP7;LU;CZ;1399;244;41
FP7;LU;BG;701;244;34
FP7;LU;CY;471;244;26
FP7;LU;LT;416;244;27
FP7;LV;HR;410;333;43
FP7;LV;LU;244;333;26
FP7;LV;IE;1981;333;73
FP7;LV;HU;1630;333;104
FP7;LV;DE;18319;333;370
FP7;LV;BE;5816;333;205
FP7;LV;IT;11991;333;351
FP7;LV;CY;471;333;46
FP7;LV;EE;549;333;96
FP7;LV;DK;2822;333;104
FP7;LV;FI;2723;333;150
FP7;LV;AT;3540;333;152
FP7;LV;BG;701;333;59
FP7;LV;FR;13245;333;351
FP7;LV;LT;416;333;66
FP7;LV;ES;11474;333;383
FP7;LV;CZ;1399;333;83
FP7;LV;EL;3750;333;122
FP7;MT;AT;3540;191;57
FP7;MT;ES;11474;191;288
FP7;MT;IT;11991;191;265
FP7;MT;FI;2723;191;47
FP7;MT;DK;2822;191;53
FP7;MT;EE;549;191;54
FP7;MT;BE;5816;191;88
FP7;MT;LV;333;191;50
FP7;MT;CY;471;191;57
FP7;MT;IE;1981;191;61
FP7;MT;FR;13245;191;207
FP7;MT;LT;416;191;24
FP7;MT;HR;410;191;31
FP7;MT;HU;1630;191;60
FP7;MT;LU;244;191;17
FP7;MT;EL;3750;191;151
FP7;MT;BG;701;191;82
FP7;MT;CZ;1399;191;48
FP7;MT;DE;18319;191;241
FP7;NL;CY;471;8306;282
FP7;NL;CZ;1399;8306;1159
FP7;NL;EL;3750;8306;2214
FP7;NL;LV;333;8306;229
FP7;NL;FR;13245;8306;9199
FP7;NL;ES;11474;8306;7304
FP7;NL;LT;416;8306;255
FP7;NL;HR;410;8306;258
FP7;NL;BE;5816;8306;5349
FP7;NL;IT;11991;8306;8150
FP7;NL;DK;2822;8306;2366
FP7;NL;AT;3540;8306;2616
FP7;NL;BG;701;8306;471
FP7;NL;DE;18319;8306;14389
FP7;NL;LU;244;8306;191
FP7;NL;EE;549;8306;360
FP7;NL;IE;1981;8306;1291
FP7;NL;FI;2723;8306;2338
FP7;NL;MT;191;8306;107
FP7;NL;HU;1630;8306;1093
FP7;PL;DK;2822;2201;492
FP7;PL;HU;1630;2201;466
FP7;PL;HR;410;2201;149
FP7;PL;LV;333;2201;116
FP7;PL;DE;18319;2201;3727
FP7;PL;LT;416;2201;149
FP7;PL;LU;244;2201;66
FP7;PL;FI;2723;2201;775
FP7;PL;IE;1981;2201;423
FP7;PL;BG;701;2201;265
FP7;PL;ES;11474;2201;2350
FP7;PL;EE;549;2201;164
FP7;PL;NL;8306;2201;1687
FP7;PL;CZ;1399;2201;514
FP7;PL;CY;471;2201;130
FP7;PL;MT;191;2201;70
FP7;PL;IT;11991;2201;2703
FP7;PL;EL;3750;2201;942
FP7;PL;BE;5816;2201;1288
FP7;PL;AT;3540;2201;794
FP7;PL;FR;13245;2201;2622
FP7;PT;DE;18319;2385;3333
FP7;PT;LV;333;2385;107
FP7;PT;ES;11474;2385;3458
FP7;PT;PL;2201;2385;508
FP7;PT;BE;5816;2385;1351
FP7;PT;EE;549;2385;157
FP7;PT;CY;471;2385;143
FP7;PT;DK;2822;2385;613
FP7;PT;CZ;1399;2385;328
FP7;PT;HU;1630;2385;351
FP7;PT;HR;410;2385;164
FP7;PT;LU;244;2385;81
FP7;PT;FR;13245;2385;2734
FP7;PT;IE;1981;2385;518
FP7;PT;EL;3750;2385;1096
FP7;PT;AT;3540;2385;699
FP7;PT;NL;8306;2385;1539
FP7;PT;MT;191;2385;81
FP7;PT;LT;416;2385;88
FP7;PT;BG;701;2385;205
FP7;PT;IT;11991;2385;2873
FP7;PT;FI;2723;2385;654
FP7;RO;AT;3540;1072;430
FP7;RO;LV;333;1072;106
FP7;RO;MT;191;1072;65
FP7;RO;FR;13245;1072;1485
FP7;RO;EE;549;1072;140
FP7;RO;PL;2201;1072;421
FP7;RO;FI;2723;1072;365
FP7;RO;DE;18319;1072;1812
FP7;RO;IE;1981;1072;208
FP7;RO;EL;3750;1072;754
FP7;RO;BE;5816;1072;694
FP7;RO;CY;471;1072;129
FP7;RO;LU;244;1072;44
FP7;RO;NL;8306;1072;752
FP7;RO;HR;410;1072;161
FP7;RO;HU;1630;1072;425
FP7;RO;BG;701;1072;360
FP7;RO;CZ;1399;1072;280
FP7;RO;ES;11474;1072;1402
FP7;RO;PT;2385;1072;442
FP7;RO;DK;2822;1072;264
FP7;RO;IT;11991;1072;1622
FP7;RO;LT;416;1072;121
FP7;SE;BE;5816;4635;2641
FP7;SE;IE;1981;4635;754
FP7;SE;BG;701;4635;257
FP7;SE;LT;416;4635;195
FP7;SE;HR;410;4635;183
FP7;SE;CZ;1399;4635;710
FP7;SE;HU;1630;4635;704
FP7;SE;IT;11991;4635;5189
FP7;SE;MT;191;4635;83
FP7;SE;FI;2723;4635;1861
FP7;SE;FR;13245;4635;6211
FP7;SE;NL;8306;4635;3777
FP7;SE;DE;18319;4635;8967
FP7;SE;PT;2385;4635;937
FP7;SE;CY;471;4635;191
FP7;SE;LU;244;4635;105
FP7;SE;RO;1072;4635;547
FP7;SE;DK;2822;4635;1555
FP7;SE;PL;2201;4635;1048
FP7;SE;EE;549;4635;326
FP7;SE;AT;3540;4635;1713
FP7;SE;EL;3750;4635;1496
FP7;SE;LV;333;4635;226
FP7;SE;ES;11474;4635;4660
FP7;SI;FI;2723;927;303
FP7;SI;BG;701;927;154
FP7;SI;LU;244;927;42
FP7;SI;RO;1072;927;218
FP7;SI;AT;3540;927;447
FP7;SI;LT;416;927;81
FP7;SI;DK;2822;927;246
FP7;SI;HR;410;927;204
FP7;SI;DE;18319;927;1523
FP7;SI;ES;11474;927;1096
FP7;SI;PT;2385;927;311
FP7;SI;CY;471;927;81
FP7;SI;IT;11991;927;1135
FP7;SI;MT;191;927;33
FP7;SI;HU;1630;927;225
FP7;SI;EL;3750;927;406
FP7;SI;NL;8306;927;729
FP7;SI;IE;1981;927;213
FP7;SI;PL;2201;927;301
FP7;SI;LV;333;927;73
FP7;SI;BE;5816;927;636
FP7;SI;CZ;1399;927;201
FP7;SI;EE;549;927;95
FP7;SI;FR;13245;927;928
FP7;SI;SE;4635;927;438
FP7;SK;RO;1072;478;155
FP7;SK;FR;13245;478;495
FP7;SK;PT;2385;478;111
FP7;SK;DK;2822;478;126
FP7;SK;LV;333;478;44
FP7;SK;SE;4635;478;209
FP7;SK;CZ;1399;478;183
FP7;SK;EE;549;478;61
FP7;SK;FI;2723;478;161
FP7;SK;AT;3540;478;244
FP7;SK;MT;191;478;33
FP7;SK;CY;471;478;41
FP7;SK;HR;410;478;45
FP7;SK;EL;3750;478;237
FP7;SK;BG;701;478;88
FP7;SK;SI;927;478;100
FP7;SK;PL;2201;478;203
FP7;SK;DE;18319;478;792
FP7;SK;IT;11991;478;532
FP7;SK;LT;416;478;50
FP7;SK;BE;5816;478;297
FP7;SK;NL;8306;478;353
FP7;SK;HU;1630;478;227
FP7;SK;ES;11474;478;473
FP7;SK;LU;244;478;33
FP7;SK;IE;1981;478;117
FP7;UK;DK;2822;18389;4058
FP7;UK;IE;1981;18389;2778
FP7;UK;CY;471;18389;635
FP7;UK;BE;5816;18389;8065
FP7;UK;RO;1072;18389;1415
FP7;UK;PT;2385;18389;2949
FP7;UK;SI;927;18389;1118
FP7;UK;EE;549;18389;666
FP7;UK;LT;416;18389;528
FP7;UK;LU;244;18389;261
FP7;UK;AT;3540;18389;4188
FP7;UK;FI;2723;18389;3762
FP7;UK;IT;11991;18389;15992
FP7;UK;HR;410;18389;499
FP7;UK;SK;478;18389;611
FP7;UK;DE;18319;18389;25086
FP7;UK;PL;2201;18389;3105
FP7;UK;HU;1630;18389;1913
FP7;UK;FR;13245;18389;17746
FP7;UK;NL;8306;18389;12050
FP7;UK;CZ;1399;18389;1961
FP7;UK;ES;11474;18389;14394
FP7;UK;EL;3750;18389;4921
FP7;UK;SE;4635;18389;6927
FP7;UK;BG;701;18389;989
FP7;UK;MT;191;18389;243
FP7;UK;LV;333;18389;356
H2020;BE;AT;1399;2199;883
H2020;BG;AT;1399;238;104
H2020;BG;BE;2199;238;157
H2020;CY;AT;1399;227;67
H2020;CY;BE;2199;227;108
H2020;CY;BG;238;227;36
H2020;CZ;BG;238;502;70
H2020;CZ;AT;1399;502;280
H2020;CZ;CY;227;502;31
H2020;CZ;BE;2199;502;374
H2020;DE;CY;227;6233;240
H2020;DE;AT;1399;6233;3140
H2020;DE;BE;2199;6233;3677
H2020;DE;CZ;502;6233;915
H2020;DE;BG;238;6233;330
H2020;DK;AT;1399;1147;390
H2020;DK;DE;6233;1147;1644
H2020;DK;CZ;502;1147;148
H2020;DK;BG;238;1147;65
H2020;DK;CY;227;1147;50
H2020;DK;BE;2199;1147;653
H2020;EE;CZ;502;236;48
H2020;EE;CY;227;236;29
H2020;EE;BG;238;236;50
H2020;EE;DE;6233;236;267
H2020;EE;DK;1147;236;157
H2020;EE;BE;2199;236;142
H2020;EE;AT;1399;236;70
H2020;EL;EE;236;1411;81
H2020;EL;CY;227;1411;210
H2020;EL;CZ;502;1411;194
H2020;EL;DE;6233;1411;2158
H2020;EL;BE;2199;1411;784
H2020;EL;BG;238;1411;121
H2020;EL;AT;1399;1411;408
H2020;EL;DK;1147;1411;330
H2020;ES;CY;227;4984;246
H2020;ES;DE;6233;4984;7334
H2020;ES;EL;1411;4984;2105
H2020;ES;EE;236;4984;311
H2020;ES;AT;1399;4984;1670
H2020;ES;DK;1147;4984;1153
H2020;ES;CZ;502;4984;648
H2020;ES;BG;238;4984;311
H2020;ES;BE;2199;4984;2704
H2020;FI;CY;227;1012;45
H2020;FI;DE;6233;1012;1874
H2020;FI;BE;2199;1012;673
H2020;FI;AT;1399;1012;415
H2020;FI;DK;1147;1012;392
H2020;FI;BG;238;1012;92
H2020;FI;CZ;502;1012;172
H2020;FI;EE;236;1012;100
H2020;FI;EL;1411;1012;381
H2020;FI;ES;4984;1012;1538
H2020;FR;CY;227;4407;171
H2020;FR;CZ;502;4407;683
H2020;FR;EL;1411;4407;1399
H2020;FR;AT;1399;4407;1407
H2020;FR;BG;238;4407;203
H2020;FR;BE;2199;4407;2714
H2020;FR;FI;1012;4407;1265
H2020;FR;EE;236;4407;179
H2020;FR;ES;4984;4407;5413
H2020;FR;DK;1147;4407;1029
H2020;FR;DE;6233;4407;7491
H2020;HR;DK;1147;211;82
H2020;HR;BE;2199;211;157
H2020;HR;DE;6233;211;266
H2020;HR;BG;238;211;46
H2020;HR;AT;1399;211;123
H2020;HR;EL;1411;211;97
H2020;HR;FI;1012;211;50
H2020;HR;CY;227;211;36
H2020;HR;EE;236;211;30
H2020;HR;ES;4984;211;254
H2020;HR;FR;4407;211;238
H2020;HR;CZ;502;211;54
H2020;HU;HR;211;437;54
H2020;HU;ES;4984;437;499
H2020;HU;CY;227;437;32
H2020;HU;AT;1399;437;185
H2020;HU;BE;2199;437;300
H2020;HU;BG;238;437;58
H2020;HU;CZ;502;437;95
H2020;HU;FI;1012;437;121
H2020;HU;EL;1411;437;165
H2020;HU;FR;4407;437;449
H2020;HU;EE;236;437;35
H2020;HU;DK;1147;437;116
H2020;HU;DE;6233;437;645
H2020;IE;FI;1012;849;226
H2020;IE;ES;4984;849;964
H2020;IE;AT;1399;849;249
H2020;IE;CZ;502;849;106
H2020;IE;CY;227;849;51
H2020;IE;BE;2199;849;493
H2020;IE;HR;211;849;94
H2020;IE;EL;1411;849;277
H2020;IE;BG;238;849;46
H2020;IE;FR;4407;849;862
H2020;IE;DK;1147;849;254
H2020;IE;EE;236;849;45
H2020;IE;DE;6233;849;1118
H2020;IE;HU;437;849;117
H2020;IT;IE;849;4624;801
H2020;IT;FR;4407;4624;4988
H2020;IT;CZ;502;4624;665
H2020;IT;BG;238;4624;276
H2020;IT;DK;1147;4624;1061
H2020;IT;CY;227;4624;281
H2020;IT;HR;211;4624;263
H2020;IT;DE;6233;4624;7226
H2020;IT;AT;1399;4624;1523
H2020;IT;BE;2199;4624;2643
H2020;IT;EE;236;4624;254
H2020;IT;ES;4984;4624;6610
H2020;IT;EL;1411;4624;2133
H2020;IT;FI;1012;4624;1213
H2020;IT;HU;437;4624;480
H2020;LT;EL;1411;171;74
H2020;LT;FI;1012;171;56
H2020;LT;ES;4984;171;171
H2020;LT;CY;227;171;25
H2020;LT;IT;4624;171;183
H2020;LT;DK;1147;171;61
H2020;LT;BG;238;171;30
H2020;LT;EE;236;171;32
H2020;LT;DE;6233;171;254
H2020;LT;IE;849;171;64
H2020;LT;HU;437;171;51
H2020;LT;FR;4407;171;212
H2020;LT;BE;2199;171;149
H2020;LT;CZ;502;171;62
H2020;LT;AT;1399;171;102
H2020;LT;HR;211;171;42
H2020;LU;AT;1399;165;55
H2020;LU;DE;6233;165;222
H2020;LU;IE;849;165;24
H2020;LU;BE;2199;165;126
H2020;LU;IT;4624;165;181
H2020;LU;CZ;502;165;27
H2020;LU;FR;4407;165;181
H2020;LU;LT;171;165;22
H2020;LU;HU;437;165;29
H2020;LU;EL;1411;165;95
H2020;LU;ES;4984;165;186
H2020;LU;BG;238;165;13
H2020;LU;DK;1147;165;31
H2020;LU;EE;236;165;21
H2020;LU;FI;1012;165;40
H2020;LU;HR;211;165;21
H2020;LU;CY;227;165;19
H2020;LV;AT;1399;141;73
H2020;LV;LU;165;141;16
H2020;LV;IE;849;141;49
H2020;LV;DE;6233;141;190
H2020;LV;HU;437;141;38
H2020;LV;EE;236;141;46
H2020;LV;FR;4407;141;105
H2020;LV;CY;227;141;30
H2020;LV;CZ;502;141;49
H2020;LV;IT;4624;141;160
H2020;LV;BG;238;141;32
H2020;LV;HR;211;141;29
H2020;LV;EL;1411;141;67
H2020;LV;FI;1012;141;63
H2020;LV;DK;1147;141;85
H2020;LV;BE;2199;141;124
H2020;LV;LT;171;141;37
H2020;LV;ES;4984;141;134
H2020;MT;EL;1411;83;44
H2020;MT;HR;211;83;13
H2020;MT;IT;4624;83;105
H2020;MT;LU;165;83;12
H2020;MT;ES;4984;83;88
H2020;MT;LT;171;83;13
H2020;MT;FR;4407;83;68
H2020;MT;AT;1399;83;26
H2020;MT;CZ;502;83;14
H2020;MT;BE;2199;83;45
H2020;MT;DE;6233;83;84
H2020;MT;EE;236;83;16
H2020;MT;LV;141;83;18
H2020;MT;IE;849;83;22
H2020;MT;DK;1147;83;39
H2020;MT;HU;437;83;15
H2020;MT;BG;238;83;21
H2020;MT;CY;227;83;30
H2020;MT;FI;1012;83;26
H2020;NL;BE;2199;3078;2285
H2020;NL;MT;83;3078;67
H2020;NL;IE;849;3078;561
H2020;NL;CZ;502;3078;496
H2020;NL;CY;227;3078;117
H2020;NL;ES;4984;3078;3179
H2020;NL;AT;1399;3078;1105
H2020;NL;LT;171;3078;138
H2020;NL;IT;4624;3078;3223
H2020;NL;DE;6233;3078;5408
H2020;NL;HR;211;3078;142
H2020;NL;FR;4407;3078;3355
H2020;NL;EE;236;3078;201
H2020;NL;BG;238;3078;141
H2020;NL;DK;1147;3078;949
H2020;NL;HU;437;3078;338
H2020;NL;LV;141;3078;140
H2020;NL;FI;1012;3078;915
H2020;NL;LU;165;3078;101
H2020;NL;EL;1411;3078;930
H2020;PL;MT;83;775;21
H2020;PL;DK;1147;775;240
H2020;PL;BE;2199;775;509
H2020;PL;DE;6233;775;1164
H2020;PL;IT;4624;775;901
H2020;PL;EL;1411;775;273
H2020;PL;EE;236;775;57
H2020;PL;LU;165;775;35
H2020;PL;FR;4407;775;814
H2020;PL;LV;141;775;71
H2020;PL;HU;437;775;145
H2020;PL;NL;3078;775;576
H2020;PL;ES;4984;775;811
H2020;PL;AT;1399;775;278
H2020;PL;CZ;502;775;170
H2020;PL;BG;238;775;86
H2020;PL;FI;1012;775;235
H2020;PL;IE;849;775;184
H2020;PL;CY;227;775;65
H2020;PL;LT;171;775;75
H2020;PL;HR;211;775;85
H2020;PT;HR;211;1077;89
H2020;PT;DK;1147;1077;334
H2020;PT;NL;3078;1077;715
H2020;PT;AT;1399;1077;446
H2020;PT;EL;1411;1077;487
H2020;PT;DE;6233;1077;1420
H2020;PT;CZ;502;1077;150
H2020;PT;BG;238;1077;86
H2020;PT;FR;4407;1077;1109
H2020;PT;PL;775;1077;264
H2020;PT;MT;83;1077;42
H2020;PT;HU;437;1077;127
H2020;PT;BE;2199;1077;602
H2020;PT;CY;227;1077;117
H2020;PT;ES;4984;1077;1533
H2020;PT;FI;1012;1077;314
H2020;PT;EE;236;1077;75
H2020;PT;IT;4624;1077;1381
H2020;PT;LU;165;1077;49
H2020;PT;LV;141;1077;68
H2020;PT;IE;849;1077;237
H2020;PT;LT;171;1077;66
H2020;RO;PT;1077;429;209
H2020;RO;BG;238;429;86
H2020;RO;HU;437;429;79
H2020;RO;FI;1012;429;110
H2020;RO;LT;171;429;69
H2020;RO;HR;211;429;50
H2020;RO;IT;4624;429;662
H2020;RO;BE;2199;429;360
H2020;RO;CZ;502;429;85
H2020;RO;LU;165;429;26
H2020;RO;DK;1147;429;101
H2020;RO;FR;4407;429;382
H2020;RO;DE;6233;429;561
H2020;RO;IE;849;429;123
H2020;RO;CY;227;429;60
H2020;RO;LV;141;429;59
H2020;RO;EE;236;429;56
H2020;RO;ES;4984;429;516
H2020;RO;EL;1411;429;213
H2020;RO;PL;775;429;135
H2020;RO;NL;3078;429;334
H2020;RO;AT;1399;429;191
H2020;RO;MT;83;429;30
H2020;SE;HR;211;1502;82
H2020;SE;PL;775;1502;322
H2020;SE;DK;1147;1502;532
H2020;SE;IT;4624;1502;1766
H2020;SE;LT;171;1502;87
H2020;SE;LU;165;1502;41
H2020;SE;FI;1012;1502;620
H2020;SE;CY;227;1502;59
H2020;SE;IE;849;1502;288
H2020;SE;RO;429;1502;160
H2020;SE;CZ;502;1502;251
H2020;SE;BE;2199;1502;839
H2020;SE;MT;83;1502;31
H2020;SE;HU;437;1502;175
H2020;SE;EL;1411;1502;524
H2020;SE;EE;236;1502;80
H2020;SE;BG;238;1502;92
H2020;SE;NL;3078;1502;1233
H2020;SE;FR;4407;1502;1765
H2020;SE;ES;4984;1502;1891
H2020;SE;DE;6233;1502;2619
H2020;SE;PT;1077;1502;347
H2020;SE;AT;1399;1502;586
H2020;SE;LV;141;1502;68
H2020;SI;DE;6233;417;507
H2020;SI;DK;1147;417;126
H2020;SI;SE;1502;417;136
H2020;SI;CZ;502;417;64
H2020;SI;EL;1411;417;178
H2020;SI;BE;2199;417;276
H2020;SI;FR;4407;417;346
H2020;SI;NL;3078;417;270
H2020;SI;CY;227;417;58
H2020;SI;EE;236;417;41
H2020;SI;RO;429;417;95
H2020;SI;LT;171;417;38
H2020;SI;ES;4984;417;511
H2020;SI;IT;4624;417;486
H2020;SI;FI;1012;417;138
H2020;SI;PL;775;417;108
H2020;SI;IE;849;417;93
H2020;SI;LU;165;417;21
H2020;SI;BG;238;417;41
H2020;SI;PT;1077;417;160
H2020;SI;AT;1399;417;214
H2020;SI;HR;211;417;55
H2020;SI;MT;83;417;17
H2020;SI;HU;437;417;70
H2020;SI;LV;141;417;52
H2020;SK;BE;2199;235;183
H2020;SK;FI;1012;235;68
H2020;SK;IE;849;235;83
H2020;SK;RO;429;235;61
H2020;SK;SI;417;235;48
H2020;SK;ES;4984;235;244
H2020;SK;CZ;502;235;112
H2020;SK;PL;775;235;90
H2020;SK;SE;1502;235;94
H2020;SK;CY;227;235;31
H2020;SK;IT;4624;235;248
H2020;SK;AT;1399;235;185
H2020;SK;LT;171;235;54
H2020;SK;LV;141;235;38
H2020;SK;MT;83;235;11
H2020;SK;EL;1411;235;91
H2020;SK;PT;1077;235;86
H2020;SK;NL;3078;235;163
H2020;SK;DE;6233;235;332
H2020;SK;HR;211;235;48
H2020;SK;BG;238;235;36
H2020;SK;DK;1147;235;80
H2020;SK;LU;165;235;19
H2020;SK;FR;4407;235;264
H2020;SK;EE;236;235;29
H2020;SK;HU;437;235;62
H2020;UK;MT;83;6234;91
H2020;UK;EL;1411;6234;2004
H2020;UK;AT;1399;6234;1474
H2020;UK;LT;171;6234;183
H2020;UK;SE;1502;6234;2012
H2020;UK;EE;236;6234;208
H2020;UK;LV;141;6234;151
H2020;UK;ES;4984;6234;6040
H2020;UK;FR;4407;6234;5683
H2020;UK;BE;2199;6234;2789
H2020;UK;NL;3078;6234;4013
H2020;UK;HU;437;6234;495
H2020;UK;DE;6233;6234;8121
H2020;UK;RO;429;6234;469
H2020;UK;CZ;502;6234;604
H2020;UK;PT;1077;6234;1439
H2020;UK;BG;238;6234;284
H2020;UK;IT;4624;6234;6061
H2020;UK;FI;1012;6234;1282
H2020;UK;IE;849;6234;1086
H2020;UK;HR;211;6234;235
H2020;UK;SI;417;6234;426
H2020;UK;LU;165;6234;192
H2020;UK;CY;227;6234;265
H2020;UK;DK;1147;6234;1403
H2020;UK;SK;235;6234;204
H2020;UK;PL;775;6234;930
