	Country	Year	CountryShort	Nr. of coordinated projects	Budget of coordinated projects	Total nr. of projects	Nr. of projects as participant	GDP	Population	% pop. that study up to secondary education	% pop. with a secondary or tertiary education	% pop. with have a secondary education	% pop. with a tertiary education	R&D Budget	R&D Budget of enterprise	R&D Budget of government	R&D Budget of high education	R&D Budget of non-profit organisation	GDP / capita	Budget of coordinated projects / capita	Nr. of coordinated projects - Cumulative	Budget of coordinated projects - Cumulative	Total nr. of projects - Cumulative	Nr. of projects as participant - Cumulative	Budget of coordinated projects / capita - Cumulative
1	Austria	2003	AT	4	5525641	37	33	 230999200000	8100273	NA	NA	NA	NA	5041980000	NA	NA	NA	NA	28517.4586091111	0.682154910087598	4	5525641	37	33	0.682154910087598
2	Austria	2004	AT	73	176694604.86	597	524	 241505000000	8142573	24.7	75.3	59.8	15.4	5249546000	3556479000	269832000	1401649000	21586000	29659.5437339033	21.7000946580399	77	182220245.86	634	557	22.3822495681275
3	Austria	2005	AT	72	171735683	482	410	 253009300000	8201359	24.5	75.5	60.5	15	6029810000	4207669000	313916000	1490337000	17888000	30849.6799128047	20.9399055693087	149	353955928.86	1116	967	43.3221551374362
4	Austria	2006	AT	89	183107038	603	514	 266478000000	8254298	25	75	60.3	14.7	6318587000	4448676000	330232000	1523160000	16519000	32283.5448877663	22.1832356912726	238	537062966.86	1719	1481	65.5053908287088
5	Austria	2007	AT	51	77232674	258	207	 282346900000	8282984	25.4	74.6	60	14.6	6867815000	4845861000	367300000	1637277000	17377000	34087.5824461329	9.32425729664575	289	614295640.86	1977	1688	74.8296481253546
6	Austria	2008	AT	94	314637226.97	555	461	 291930400000	8307989	24.6	75.4	60.4	15	7548060000	5232630000	403210000	1884560000	27670000	35138.5154698688	37.8716470339573	383	928932867.83	2532	2149	112.701295159312
7	Austria	2009	AT	78	188485788.9	413	335	 286188400000	8335003	23.8	76.2	60.2	16	7479745000	5092902000	399093000	1951845000	35905000	34335.7284934391	22.6137637742902	461	1117418656.73	2945	2484	135.315058933602
8	Austria	2010	AT	83	192679375.81	463	380	 294627500000	8351643	23.2	76.8	60.5	16.2	8066440000	5520422000	422417000	2084397000	39204000	35277.7890530043	23.0708347818507	544	1310098032.54	3408	2864	158.385893715453
9	Austria	2011	AT	105	204125829.72	591	486	 308630300000	8375164	23.1	76.9	60.6	16.3	8276335000	5692841000	425222000	2117553000	40719000	36850.6574916025	24.3727561299098	649	1514223862.26	3999	3350	182.758649845363
10	Austria	2012	AT	113	298830720.23	588	475	 317117000000	8408121	22.4	77.6	60.8	16.9	9287840000	6540457000	425148000	2281625000	40610000	37715.5609439969	35.5407254760011	762	1813054582.49	4587	3825	218.299375321364
11	Austria	2013	AT	119	365417892.01	631	512	 322539200000	8451860	22.2	77.8	60.2	17.7	9571282000	6778420000	424885000	2327754000	40223000	38161.9193881583	43.2352040864378	881	2178472474.5	5218	4337	261.534579407801
12	Austria	2014	AT	83	220131066.95	304	221	 330417600000	8506889	20.3	79.7	52.4	27.4	10099780000	7152704000	448346000	2456286000	42444000	38841.1791901834	25.8768001968757	964	2398603541.45	5522	4558	287.411379604677
13	Austria	2015	AT	121	426784039.14	601	480	 339896000000	8576261	19.6	80.4	52.3	28.1	10444160000	7396600000	463630000	2540040000	43890000	39632.1893655056	49.7634154487602	1085	2825387580.59	6123	5038	337.174795053437
14	Austria	2016	AT	122	439091072.86	637	515	           NA	NA	NA	NA	NA	NA	NA	NA	NA	NA	NA	NA	NA	1207	3264478653.45	6760	5553	NA
16	Belgium	2003	BE	12	29475067	89	77	 282637000000	10355844	39.6	60.4	34.8	25.6	5177444000	3607892000	354449000	1150011000	65092000	27292.5123244421	2.84622547423464	12	29475067	89	77	2.84622547423464
17	Belgium	2004	BE	126	565638653.97	910	784	 298711000000	10396421	37.8	62.2	35.4	26.8	5403617000	3731814000	418592000	1175707000	77505000	28732.0992483856	54.4070554636062	138	595113720.97	999	861	57.2532809378408
18	Belgium	2005	BE	117	317387234	749	632	 311481000000	10445852	36.3	63.7	36.5	27.2	5551553000	3775624000	464249000	1238842000	72839000	29818.6303998946	30.3840446906581	255	912500954.97	1748	1493	87.6373256284989
19	Belgium	2006	BE	135	446289968.75	954	819	 326662000000	10511382	35.7	64.3	36.4	27.9	5926513000	4105615000	475956000	1263056000	81886000	31076.9792211909	42.4577823115933	390	1358790923.72	2702	2312	130.095107940092
20	Belgium	2007	BE	64	119238601.76	371	307	 344713000000	10584534	34.8	65.2	37.1	28.1	6356931000	4420386000	513282000	1343477000	79786000	32567.6123294611	11.265361494422	454	1478029525.48	3073	2619	141.360469434514
21	Belgium	2008	BE	119	313925457.24	874	755	 354066000000	10666866	33.6	66.4	38	28.4	6812699000	4650011000	608585000	1487240000	66864000	33193.0672045566	29.4299616438418	573	1791954982.72	3947	3374	170.790431078356
22	Belgium	2009	BE	94	280077163.19	677	583	 348781000000	10753080	32.4	67.6	38.1	29.4	6924591000	4574767000	637873000	1642796000	69154000	32435.4510521637	26.0462270521562	667	2072032145.91	4624	3957	196.836658130512
23	Belgium	2010	BE	155	356009520.56	868	713	 365101000000	10839905	32.6	67.4	36.7	30.7	7487500000	5027700000	630900000	1760500000	68500000	33681.1992356022	32.8424945200166	822	2428041666.47	5492	4670	229.679152650529
24	Belgium	2011	BE	141	289190836.84	907	766	 379106000000	11000638	31.9	68.1	37.7	30.4	8171000000	5613400000	658600000	1825500000	73600000	34462.1830115671	26.2885513403859	963	2717232503.31	6399	5436	255.967703990915
25	Belgium	2012	BE	161	499848791.78	983	822	 387447000000	11094850	31.4	68.6	37.4	31.3	9153500000	6493300000	747100000	1877900000	35200000	34921.3373772516	45.0523253383327	1124	3217081295.09	7382	6258	301.020029329247
26	Belgium	2013	BE	154	452385769.19	1035	881	 392675000000	11161642	30.4	69.6	38.1	31.5	9545663000	6745547000	775192000	1990760000	34164000	35180.7556630109	40.5303959032193	1278	3669467064.28	8417	7139	341.550425232466
27	Belgium	2014	BE	105	349100835.93	481	376	 400408000000	11203992	29.5	70.5	37.8	32.6	9874579000	7032520000	811590000	1996130000	34339000	35737.9762498938	31.1586116743032	1383	4018567900.21	8898	7515	372.70903690677
28	Belgium	2015	BE	164	536120137.81	962	798	 409407000000	11208986	28.7	71.3	38.7	32.7	10072400000	7247080000	782170000	2008680000	34470000	36524.891725264	47.8294948187106	1547	4554688038.02	9860	8313	420.53853172548
29	Belgium	2016	BE	163	604629213.99	951	788	           NA	NA	NA	NA	NA	NA	NA	NA	NA	NA	NA	NA	NA	1710	5159317252.01	10811	9101	NA
31	Bulgaria	2004	BG	7	2886842	105	98	  21042200000	7745147	34	66	48.1	17.9	99319000	23550000	66554000	9215000	512000	2716.82383820475	0.372729142519826	7	2886842	105	98	0.372729142519826
32	Bulgaria	2005	BG	21	8116183	147	126	  24001600000	7688573	33.4	66.6	48.8	17.8	106423000	22908000	71092000	11159000	1264000	3121.72362803865	1.05561630227092	28	11003025	252	224	1.42834544479074
33	Bulgaria	2006	BG	6	2912672	139	133	  27349900000	7629371	30.6	69.4	51.3	18.2	121196000	30883000	77673000	11594000	1047000	3584.81714940852	0.381770921875473	34	13915697	391	357	1.81011636666621
34	Bulgaria	2007	BG	9	3032298	80	71	  32708000000	7572673	28.7	71.3	52.8	18.5	139609000	43494000	81615000	13492000	1008000	4319.21462870508	0.400426375204634	43	16947995	471	428	2.21054274187085
35	Bulgaria	2008	BG	7	3574426.65	146	139	  37373300000	7518002	28.3	71.7	52.8	18.9	166610000	51699000	97162000	16001000	1749000	4971.17452216693	0.475449015576213	50	20522421.65	617	567	2.68599175744706
36	Bulgaria	2009	BG	13	8123869.43	138	125	  37245000000	7467119	27.6	72.4	53.2	19.2	184610000	55309000	101986000	25911000	1404000	4987.86747606406	1.08795231869212	63	28646291.08	755	692	3.77394407613918
37	Bulgaria	2010	BG	4	222445.2	73	69	  37723800000	7421766	25.1	74.9	55.1	19.7	215570000	108450000	80342000	25333000	1445000	5082.86033270249	0.0299720039677888	67	28868736.28	828	761	3.80391608010697
38	Bulgaria	2011	BG	7	8321379.6	104	97	  40955100000	7369431	24	76	55.9	20.1	219637000	116930000	78711000	22495000	1502000	5557.43041762654	1.12917531896289	74	37190115.88	932	858	4.93309139906986
39	Bulgaria	2012	BG	6	7005000.92	96	90	  41693300000	7327224	23	77	56.4	20.7	253695000	153546000	76164000	20384000	3601000	5690.1904459315	0.956023852962595	80	44195116.8	1028	948	5.88911525203246
40	Bulgaria	2013	BG	4	4898092.17	100	96	  41911800000	7284552	22.1	77.9	55.7	22.2	266736000	162921000	79153000	23063000	1600000	5753.51785531904	0.672394427275692	84	49093208.97	1128	1044	6.56150967930815
41	Bulgaria	2014	BG	4	5250460.5	46	42	  42750900000	7245677	22.6	77.4	53.8	23.6	339927000	223416000	84007000	29933000	2571000	5900.19400533587	0.724633529758503	88	54343669.47	1174	1086	7.28614320906665
42	Bulgaria	2015	BG	9	4817257	110	101	  44162300000	7202198	22.2	77.8	53.7	24.1	433196000	317350000	90020000	23445000	2381000	6131.7808813365	0.668859284346251	97	59160926.47	1284	1187	7.9550024934129
43	Bulgaria	2016	BG	5	2382218	93	88	           NA	NA	NA	NA	NA	NA	NA	NA	NA	NA	NA	NA	NA	102	61543144.47	1377	1275	NA
45	Croatia	2006	HR	2	248539	61	59	  40197800000	4312487	28.3	71.7	58.2	13.6	297500000	109206000	78857000	109015000	423000	9321.25708436918	0.0576324056165271	2	248539	61	59	0.0576324056165271
46	Croatia	2007	HR	7	2046430	31	24	  43925800000	4313530	26.7	73.3	59.9	13.4	348002000	141436000	88721000	117409000	436000	10183.2605777635	0.474421181723554	9	2294969	92	83	0.532053587340081
47	Croatia	2008	HR	5	2250807.4	72	67	  48129800000	4311967	25.9	74.1	60.5	13.6	425532000	188472000	107435000	129113000	512000	11161.9128810587	0.521990868668522	14	4545776.4	164	150	1.0540444560086
48	Croatia	2009	HR	5	5387221.25	50	45	  45090700000	4309796	25.3	74.7	60.2	14.5	380677000	153861000	103380000	122985000	451000	10462.3745532271	1.24999448929833	19	9932997.65	214	195	2.30403894530694
49	Croatia	2010	HR	3	3841343.2	33	30	  45004300000	4302847	25.4	74.6	58.8	15.7	335144000	147791000	92253000	94599000	501000	10459.1913214669	0.892744547970216	22	13774340.85	247	225	3.19678349327715
50	Croatia	2011	HR	7	8389819.44	74	67	  44708600000	4289857	24.6	75.4	60	15.4	336373000	150386000	92105000	93375000	507000	10421.9324793344	1.95573405826814	29	22164160.29	321	292	5.15251755154529
51	Croatia	2012	HR	4	12601446	65	61	  43933700000	4275984	23.1	76.9	61.1	15.8	330000000	151292000	91151000	87557000	NA	10274.5239458333	2.94702833312753	33	34765606.29	386	353	8.09954588467283
52	Croatia	2013	HR	11	21564549.9	77	66	  43487100000	4262140	22.4	77.6	60.5	17	354684000	177712000	90554000	86417000	NA	10203.1139286837	5.05955925896381	44	56330156.19	463	419	13.1591051436366
53	Croatia	2014	HR	8	11277121.45	47	39	  43019800000	4246809	20.8	79.2	60.7	18.5	339857000	163987000	88566000	87304000	NA	10129.9116583769	2.65543410358224	52	67607277.64	510	458	15.8145392472189
54	Croatia	2015	HR	10	6453886.75	93	83	  43897000000	4225316	20.3	79.7	60.1	19.6	374808000	191996000	91954000	90859000	NA	10389.0454583752	1.52743291862668	62	74061164.39	603	541	17.3419721658456
55	Croatia	2016	HR	5	4162280.39	97	92	           NA	NA	NA	NA	NA	NA	NA	NA	NA	NA	NA	NA	NA	67	78223444.78	700	633	NA
56	Cyprus	2004	CY	4	1245453	64	60	  13848000000	722893	39.2	60.8	35.1	25.7	46784000	9957000	16895000	16471000	3462000	19156.3620065487	1.72287323296809	4	1245453	64	60	1.72287323296809
57	Cyprus	2005	CY	5	132750	45	40	  14946200000	733067	36.2	63.8	38.1	25.7	55233000	12163000	17564000	21508000	3998000	20388.5865821269	0.18108849532171	9	1378203	109	100	1.9039617282898
58	Cyprus	2006	CY	12	3349498	86	74	  16140700000	744013	33.6	66.4	38.8	27.6	62363000	14184000	17866000	25725000	4588000	21694.1101835586	4.50193477802135	21	4727701	195	174	6.40589650631115
59	Cyprus	2007	CY	6	1986808	39	33	  17453800000	757916	31.1	68.9	39.1	29.7	70375000	16108000	16993000	31864000	5410000	23028.6733622196	2.62140923268542	27	6714509	234	207	9.02730573899657
60	Cyprus	2008	CY	9	3677561.82	79	70	  18822000000	776333	30.4	69.6	38.6	31	73365000	16732000	16809000	32068000	7756000	24244.7506417993	4.73709325766134	36	10392070.82	313	277	13.7643989966579
61	Cyprus	2009	CY	6	7635011.66	43	37	  18482300000	796930	31.2	68.8	38.2	30.5	82988000	16434000	16942000	38278000	11334000	23191.873815768	9.58052985833135	42	18027082.48	356	314	23.3449288549892
62	Cyprus	2010	CY	14	19533155.51	70	56	  19117700000	819140	29.6	70.4	38.3	32.1	86198000	14796000	16891000	42944000	11567000	23338.7455135874	23.8459305002808	56	37560237.99	426	370	47.19085935527
63	Cyprus	2011	CY	13	11858872.62	64	51	  19547100000	839751	28.3	71.7	38	33.7	88883000	12765000	14731000	47511000	13876000	23277.2571869518	14.1218916321624	69	49419110.61	490	421	61.3127509874324
64	Cyprus	2012	CY	10	8203979.32	71	61	  19468900000	862011	26.4	73.6	38.6	35	83322000	11959000	13696000	46671000	10996000	22585.4426451635	9.51725595149018	79	57623089.93	561	482	70.8300069389226
65	Cyprus	2013	CY	10	13094633.43	84	74	  18064600000	865878	25.4	74.6	39.2	35.4	83829000	13358000	12318000	47132000	11021000	20862.7543372161	15.1229543076507	89	70717723.36	645	556	85.9529612465733
66	Cyprus	2014	CY	11	16559561.15	54	43	  17393700000	858000	26.1	73.9	37.5	36.4	84094000	14582000	12351000	43634000	13527000	20272.3776223776	19.3001878205128	100	87277284.51	699	599	105.253149067086
67	Cyprus	2015	CY	24	34844282.58	111	87	  17420600000	847008	25.5	74.5	38.1	36.4	80400000	13300000	10900000	43200000	13000000	20567.2201443198	41.1380796639465	124	122121567.09	810	686	146.391228731033
68	Cyprus	2016	CY	18	19426577.5	86	68	           NA	NA	NA	NA	NA	NA	NA	NA	NA	NA	NA	NA	NA	142	141548144.59	896	754	NA
70	Czech Republic	2004	CZ	6	2480901	293	287	  95878500000	10195347	17.6	82.4	72	10.4	1100092000	686739000	246728000	162466000	4160000	9404.14288988889	0.2433365926633	6	2480901	293	287	0.2433365926633
71	Czech Republic	2005	CZ	14	9258838	294	280	 109394000000	10198855	16.8	83.2	72.2	11	1280832000	758979000	283421000	231934000	6498000	10726.1060187639	0.907831124180116	20	11739739	587	567	1.15116771684342
72	Czech Republic	2006	CZ	13	42630520	360	347	 123743200000	10223577	16.4	83.6	72.2	11.4	1526648000	911633000	328447000	279385000	7183000	12103.7089073619	4.16982431882696	33	54370259	947	914	5.32099203567038
73	Czech Republic	2007	CZ	7	158902	123	116	 138004000000	10254233	16.2	83.8	72.2	11.6	1801084000	1056870000	407206000	329842000	7165000	13458.2469503082	0.0154962345794171	40	54529161	1070	1030	5.3364882702498
74	Czech Republic	2008	CZ	11	4437649.46	257	246	 160961500000	10343422	15.8	84.2	71.7	12.4	1999197000	1172501000	453973000	364381000	8342000	15561.726090263	0.429031075015599	51	58966810.46	1327	1276	5.7655193452654
75	Czech Republic	2009	CZ	21	13165712.84	212	191	 148357400000	10425783	15.2	84.8	71.4	13.4	1924518000	1087299000	447737000	379122000	10359000	14229.85688461	1.26280326762987	72	72132523.3	1539	1467	7.02832261289527
76	Czech Republic	2010	CZ	19	9978031.43	193	174	 156369700000	10462088	14.4	85.6	71.1	14.5	2095142000	1208836000	453611000	419873000	12822000	14946.3185551488	0.953732317105343	91	82110554.73	1732	1641	7.98205493000061
77	Czech Republic	2011	CZ	12	51158676.8	179	167	 164040500000	10486731	13.9	86.1	70.3	15.8	2551989000	1411831000	504383000	621733000	14042000	15642.672630775	4.87841986220491	103	133269231.53	1911	1808	12.8604747922055
78	Czech Republic	2012	CZ	19	21786564.08	236	217	 161434300000	10505445	13.4	86.6	69.6	17	2877264000	1542415000	529731000	790430000	14688000	15366.7264927854	2.07383543295881	122	155055795.61	2147	2025	14.9343102251643
79	Czech Republic	2013	CZ	23	27090792.9	218	195	 157741600000	10516125	12.9	87.1	69	18.1	2996666000	1621654000	548790000	815926000	10296000	14999.9738496832	2.57611933102735	145	182146588.51	2365	2220	17.5104295561917
80	Czech Republic	2014	CZ	13	8669078.2	95	82	 156660000000	10512419	12.4	87.6	68.5	19.1	3090662000	1729712000	562773000	785435000	12742000	14902.3740396953	0.824651129297643	158	190815666.71	2460	2302	18.3350806854893
81	Czech Republic	2015	CZ	22	25957287.25	239	217	 166964100000	10538275	12.4	87.6	67.8	19.8	3250243000	1765003000	663171000	809513000	12558000	15843.5892022176	2.46314384944405	180	216772953.96	2699	2519	20.7982245349334
82	Czech Republic	2016	CZ	23	32802080.65	193	170	           NA	NA	NA	NA	NA	NA	NA	NA	NA	NA	NA	NA	NA	203	249575034.61	2892	2689	NA
84	Denmark	2003	DK	5	879283	49	44	 193353400000	5383507	25.8	74.2	47	27.2	4854805000	3354840000	340143000	1126858000	32965000	35915.8815991137	0.16332903440081	5	879283	49	44	0.16332903440081
85	Denmark	2004	DK	42	175620404	515	473	 202317400000	5397640	25.3	74.7	46.7	27.9	4896923000	3331819000	336105000	1195253000	33746000	37482.5664549692	32.5365166998911	47	176499687	564	517	32.6998457342919
86	Denmark	2005	DK	65	147707478	438	373	 212906500000	5411405	25.7	74.3	45.8	28.5	5093872000	3476762000	328600000	1254442000	34068000	39344.0335735359	27.2955873751826	112	324207165	1002	890	59.9954331094745
87	Denmark	2006	DK	54	178593934	458	404	 225592000000	5427459	25.4	74.6	45.3	29.3	5419522000	3627564000	355551000	1404154000	32253000	41564.9385835987	32.9056256343899	166	502801099	1460	1294	92.9010587438643
88	Denmark	2007	DK	44	122887238	260	216	 233439500000	5447084	32.3	67.7	41.7	26	5870551000	4101884000	190057000	1550557000	28053000	42855.865633796	22.560187799564	210	625688337	1720	1510	115.461246543428
89	Denmark	2008	DK	50	157373827.82	376	326	 241087300000	5475791	32.9	67.1	40.8	26.3	6701046000	4683745000	174560000	1821602000	21162000	44027.8491271855	28.7399259431194	260	783062164.82	2096	1836	144.201172486548
90	Denmark	2009	DK	47	90183446.86	346	299	 230213300000	5511451	32.2	67.8	40.9	26.9	7065873000	4930609000	146269000	1958972000	29627000	41769.9984994877	16.3629227330516	307	873245611.68	2442	2135	160.564095219599
91	Denmark	2010	DK	56	152690051.38	379	323	 241516900000	5534738	31.8	68.2	40.7	27.5	7093296000	4755092000	156613000	2150387000	31158000	43636.5551540109	27.587584340939	363	1025935663.06	2821	2458	188.151679560538
92	Denmark	2011	DK	78	127517868.28	434	356	 246074700000	5560628	30.7	69.3	41.5	27.9	7299197000	4870266000	148052000	2253993000	26896000	44253.0412032598	22.9322782031094	441	1153453531.34	3255	2814	211.083957763648
93	Denmark	2012	DK	97	285712158.25	485	388	 252915200000	5580516	29.8	70.2	41.6	28.6	7589599000	4976625000	180152000	2401521000	31302000	45321.1136747928	51.1981612901029	538	1439165689.59	3740	3202	262.282119053751
94	Denmark	2013	DK	108	283423551.54	560	452	 255235400000	5602628	29.5	70.5	41.4	29.1	7685904000	4868354000	181016000	2604487000	32047000	45556.3710458735	50.5876084473215	646	1722589241.13	4300	3654	312.869727501072
95	Denmark	2014	DK	83	178816675.48	246	163	 260581600000	5627235	28.2	71.8	42	29.8	7868903000	4864664000	177470000	2794978000	31792000	46307.2183763429	31.7770051330716	729	1901405916.61	4546	3817	344.646732634144
96	Denmark	2015	DK	148	229736171.82	487	339	 266178700000	5659715	27.3	72.7	42	30.7	8054271000	4974862000	181912000	2864940000	32587000	47030.4070081267	40.5914735671319	877	2131142088.43	5033	4156	385.238206201276
97	Denmark	2016	DK	149	276118654.23	521	372	           NA	NA	NA	NA	NA	NA	NA	NA	NA	NA	NA	NA	NA	1026	2407260742.66	5554	4528	NA
99	Estonia	2004	EE	8	1865546	99	91	   9707700000	1366250	20.3	79.7	54	25.6	82702000	32224000	10967000	37612000	1898000	7105.36139066789	1.36544995425435	8	1865546	99	91	1.36544995425435
100	Estonia	2005	EE	10	5393910	117	107	  11262300000	1358850	19.9	80.1	52.4	27.7	104023000	46898000	11741000	43096000	2288000	8288.11127055966	3.96946682856827	18	7259456	216	198	5.33491678282262
101	Estonia	2006	EE	4	2476386	115	111	  13521700000	1350700	20.6	79.4	52	27.4	150991000	67094000	19825000	61330000	2742000	10010.8832457244	1.83340934330347	22	9735842	331	309	7.16832612612609
102	Estonia	2007	EE	1	78036	54	53	  16246400000	1342920	20	80	52.5	27.5	173648000	81877000	15038000	72585000	4148000	12097.8166979418	0.0581091948887499	23	9813878	385	362	7.22643532101484
103	Estonia	2008	EE	10	8704690.17	96	86	  16517300000	1338440	20.4	79.6	51.3	28.3	208039000	89879000	24491000	89336000	4333000	12340.7100803921	6.50360880577389	33	18518568.17	481	448	13.7300441267887
104	Estonia	2009	EE	10	9739383.77	84	74	  14145900000	1335740	19.2	80.8	50.6	30.2	197393000	88207000	21685000	83219000	4282000	10590.3094913681	7.29137689220956	43	28257951.94	565	522	21.0214210189983
105	Estonia	2010	EE	10	15861985.5	77	67	  14716500000	1333290	18.2	81.8	51.8	30	232760000	116763000	24561000	88533000	2903000	11037.7337263461	11.8968757734626	53	44119937.44	642	589	32.9182967924609
106	Estonia	2011	EE	5	6241409.48	73	68	  16667600000	1329660	17.7	82.3	51	31.3	384447000	242845000	31097000	107007000	3498000	12535.2345712438	4.69398904983229	58	50361346.92	715	657	37.6122858422932
107	Estonia	2012	EE	5	4692005.76	77	72	  17934900000	1325217	16.8	83.2	51.1	32.1	380695000	218997000	35363000	122322000	4012000	13533.5571457354	3.54055657299899	63	55053352.68	792	729	41.1528424152922
108	Estonia	2013	EE	9	7433495.23	91	82	  18890100000	1320174	15.8	84.2	51.9	32.3	326045000	155600000	29117000	137927000	3444000	14308.7956587541	5.63069355251656	72	62486847.91	883	811	46.7835359678088
109	Estonia	2014	EE	12	23158462.2	58	46	  19758300000	1315819	15.1	84.9	52.2	32.6	286736000	124829000	31482000	127001000	3424000	15015.9710416098	17.6000363271848	84	85645310.11	941	857	64.3835722949936
110	Estonia	2015	EE	36	36640777.44	120	84	  20251700000	1313271	15.1	84.9	51.6	33.3	302766000	139400000	32712000	125217000	5436000	15420.8080434274	27.9003933232364	120	122286087.55	1061	941	92.28396561823
111	Estonia	2016	EE	21	17515841.35	86	65	           NA	NA	NA	NA	NA	NA	NA	NA	NA	NA	NA	NA	NA	141	139801928.9	1147	1006	NA
113	Finland	2003	FI	6	50997604	52	46	 151569000000	5206295	29	71	43.5	27.5	5005018000	3527926000	485200000	961692000	30200000	29112.6415233866	9.79537348536723	6	50997604	52	46	9.79537348536723
114	Finland	2004	FI	46	176729938	474	428	 158477000000	5219732	27.8	72.2	43.9	28.3	5253417000	3683468000	497300000	1039849000	32800000	30361.1373150959	33.8580482676122	52	227727542	526	474	43.6534217529794
115	Finland	2005	FI	41	68868475	334	293	 164387000000	5236611	27	73	44.5	28.6	5473700000	3876900000	523000000	1042100000	31700000	31391.8677556916	13.1513444477736	93	296596017	860	767	56.804766200753
116	Finland	2006	FI	49	159495212.11	464	415	 172614000000	5255580	26.2	73.8	44.8	29	5761196000	4107787000	538504000	1079239000	35666000	32843.9487173633	30.3477850418032	142	456091229.11	1324	1182	87.1525512425562
117	Finland	2007	FI	16	67948863.96	140	124	 186584000000	5276955	25.4	74.6	44.6	30	6242670000	4513355000	528284000	1164648000	36386000	35358.2700629435	12.8765289755171	158	524040093.07	1464	1306	100.029080218073
118	Finland	2008	FI	66	227764154.34	438	372	 193711000000	5300484	25.1	74.9	44.6	30.2	6871092000	5101986000	552041000	1180645000	36420000	36545.9078831292	42.9704446499603	224	751804247.41	1902	1678	142.999524868034
119	Finland	2009	FI	55	246339855.31	346	291	 181029000000	5326314	24.4	75.6	44.7	30.9	6786472000	4847164000	617296000	1282808000	39205000	33987.669521549	46.2495931163653	279	998144102.72	2248	1969	189.249117984399
120	Finland	2010	FI	47	162578710.47	375	328	 187100000000	5351427	23.6	76.4	44.8	31.6	6971301000	4854463000	644616000	1424831000	47390000	34962.63706858	30.3804406693766	326	1160722813.19	2623	2297	219.629558653775
121	Finland	2011	FI	36	108365768.34	404	368	 196869000000	5375276	22.9	77.1	44.6	32.5	7163692000	5047428000	633712000	1431841000	50711000	36624.9100511304	20.1600379850263	362	1269088581.53	3027	2665	239.789596638802
122	Finland	2012	FI	57	217279014.14	444	387	 199793000000	5401267	21.8	78.2	45.4	32.8	6831888000	4694997000	615864000	1474642000	46385000	36990.0247478971	40.2274159266705	419	1486367595.67	3471	3052	280.017012565472
123	Finland	2013	FI	50	163063866.59	468	418	 203338000000	5426674	20.8	79.2	45.6	33.6	6684100000	4602400000	596400000	1438100000	47200000	37470.0967848815	30.0485834583025	469	1649431462.26	3939	3470	310.065596023775
124	Finland	2014	FI	42	83582704.15	242	200	 205364000000	5451270	20.1	79.9	45.2	34.7	6512100000	4409500000	563100000	1489500000	50000000	37672.6891164811	15.3327030490143	511	1733014166.41	4181	3670	325.398299072789
125	Finland	2015	FI	105	265797681.63	499	394	 209149000000	5471753	19.2	80.8	45.3	35.5	6070900000	4047300000	496200000	1480500000	46900000	38223.3993383839	48.5763304063615	616	1998811848.04	4680	4064	373.974629479151
126	Finland	2016	FI	78	146247255.36	376	298	           NA	NA	NA	NA	NA	NA	NA	NA	NA	NA	NA	NA	NA	694	2145059103.4	5056	4362	NA
128	France	2003	FR	36	222327930	218	182	1637438000000	61864088	37	63	40.8	22.2	34569095000	21646182000	5766558000	6692930000	463425000	26468.3122783609	3.59381245545881	36	222327930	218	182	3.59381245545881
129	France	2004	FR	338	1560684247	2494	2156	1710760000000	62292241	36.3	63.7	41	22.7	35692601000	22523383000	6060096000	6650690000	458432000	27463.4524707499	25.0542318264003	374	1783012177	2712	2338	28.6480442818591
130	France	2005	FR	362	1085131570.57	1872	1510	1771978000000	62772870	35.5	64.5	41.1	23.4	36227644000	22503129000	6437332000	6820731000	466452000	28228.4050418596	17.286633072058	736	2868143747.57	4584	3848	45.9346773539172
131	France	2006	FR	378	3226669226.55	2505	2127	1853267000000	63229635	35	65	41.1	24	37904431000	23910570000	6253663000	7278887000	461311000	29310.1011891022	51.0309639862701	1114	6094812974.12	7089	5975	96.9656413401872
132	France	2007	FR	198	583255228.24	875	677	1945670000000	63645065	34	66	41.6	24.4	39303086000	24752716000	6426929000	7662593000	460848000	30570.6341882124	9.16418622936437	1312	6678068202.36	7964	6652	106.129827569552
133	France	2008	FR	342	980994665.97	2102	1760	1995850000000	64007193	33	67	42.3	24.8	41066323000	25761210000	6564330000	8228048000	512735000	31181.6517246741	15.3263191211963	1654	7659062868.33	10066	8412	121.456146690748
134	France	2009	FR	324	855800433.62	1680	1356	1939017000000	64350226	32.4	67.6	41.8	25.9	42834917000	26425933000	6985851000	8910844000	512289000	30132.2484865865	13.2991053305702	1978	8514863301.95	11746	9768	134.755252021318
135	France	2010	FR	384	984577031.66	2001	1617	1998481000000	64658856	31.9	68.1	41.9	26.2	43468832000	27454570000	6092806000	9380154000	541302000	30908.0785468892	15.2272572168614	2362	9499440333.61	13747	11385	149.982509238179
136	France	2011	FR	432	1140679143.29	2084	1652	2059284000000	64978721	31.2	68.8	42	26.7	45111514000	28850600000	6248990000	9449381000	562580000	31691.6671844003	17.5546567512463	2794	10640119476.9	15831	13037	167.537165989426
137	France	2012	FR	424	1001485700.71	2060	1636	2086929000000	65276983	30.4	69.6	41.9	27.7	46519037000	30041401000	6119702000	9689192000	668834000	31970.3654196151	15.3420954015292	3218	11641605177.61	17891	14673	182.879261390955
138	France	2013	FR	436	1040282426.7	2301	1865	2115256000000	65600350	28	72	43.1	28.9	47480452000	30708072000	6185179000	9889096000	698105000	32244.5840609082	15.8578792140591	3654	12681887604.31	20192	16538	198.737140605014
139	France	2014	FR	319	576850329.21	1002	683	2139964000000	65889148	26.5	73.5	43.7	29.7	47918737000	31132941000	6163090000	9883805000	738901000	32478.2466454112	8.75486095540346	3973	13258737933.52	21194	17221	207.492001560418
140	France	2015	FR	475	1198729214.57	2036	1561	2181064000000	66415161	26	74	43.6	30.4	48643420000	31668184000	6357516000	9864327000	753393000	32839.8511297744	18.0490297173261	4448	14457467148.09	23230	18782	225.541031277744
141	France	2016	FR	429	1150178762.09	1777	1348	           NA	NA	NA	NA	NA	NA	NA	NA	NA	NA	NA	NA	NA	4877	15607645910.18	25007	20130	NA
143	Germany	2003	DE	32	131656685	242	210	2220080000000	82536680	24	76	55.7	20.3	54538500000	38029000000	7307400000	9202100000	NA	26898.101547094	1.59512940186109	32	131656685	242	210	1.59512940186109
144	Germany	2003	DE	32	131656685	242	210	2220080000000	82536680	24	76	55.7	20.3	54538500000	38029000000	7307400000	9202100000	NA	26898.101547094	1.59512940186109	64	263313370	484	420	3.19025880372218
145	Germany	2004	DE	380	1521681106.75	3431	3051	2270620000000	82531671	23.6	76.4	55.3	21.1	54966900000	38363000000	7514400000	9089458000	NA	27512.1050196597	18.4375414712008	444	1784994476.75	3915	3471	21.627800274923
146	Germany	2004	DE	380	1521681106.75	3431	3051	2270620000000	82531671	23.6	76.4	55.3	21.1	54966900000	38363000000	7514400000	9089458000	NA	27512.1050196597	18.4375414712008	824	3306675583.5	7346	6522	40.0653417461238
147	Germany	2005	DE	386	1185749375	2537	2151	2300860000000	82500849	24.8	75.2	54.6	20.6	55739038000	38651038000	7866900000	9221100000	NA	27888.9251188191	14.37257179014	1210	4492424958.5	9883	8673	54.4379135362638
148	Germany	2005	DE	386	1185749375	2537	2151	2300860000000	82500849	24.8	75.2	54.6	20.6	55739038000	38651038000	7866900000	9221100000	NA	27888.9251188191	14.37257179014	1596	5678174333.5	12420	10824	68.8104853264038
149	Germany	2006	DE	457	1823527151.24	3267	2810	2393250000000	82437995	24.6	75.4	55.3	20.1	58779100000	41148000000	8156080000	9475048000	NA	29030.9098371449	22.1199842528921	2053	7501701484.74	15687	13634	90.9304695792959
150	Germany	2006	DE	457	1823527151.24	3267	2810	2393250000000	82437995	24.6	75.4	55.3	20.1	58779100000	41148000000	8156080000	9475048000	NA	29030.9098371449	22.1199842528921	2510	9325228635.98	18954	16444	113.050453832188
151	Germany	2007	DE	183	428737608.81	1098	915	2513230000000	82314906	23.5	76.5	56.1	20.4	61481981000	43034000000	8540200000	9907781000	NA	30531.8941869411	5.20850511339951	2693	9753966244.79	20052	17359	118.258958945588
152	Germany	2007	DE	183	428737608.81	1098	915	2513230000000	82314906	23.5	76.5	56.1	20.4	61481981000	43034000000	8540200000	9907781000	NA	30531.8941869411	5.20850511339951	2876	10182703853.6	21150	18274	123.467464058987
153	Germany	2008	DE	375	1542909464.93	2794	2419	2561740000000	82217837	22.3	77.7	56.3	21.4	66531540000	46073000000	9346380000	11112160000	NA	31157.9590691494	18.7661159819858	3251	11725613318.53	23944	20693	142.233580040973
154	Germany	2008	DE	375	1542909464.93	2794	2419	2561740000000	82217837	22.3	77.7	56.3	21.4	66531540000	46073000000	9346380000	11112160000	NA	31157.9590691494	18.7661159819858	3626	13268522783.46	26738	23112	160.999696022959
155	Germany	2009	DE	349	923188385.32	2214	1865	2460280000000	82002356	22	78	55.8	22.3	67014884000	45275000000	9931730000	11871391000	NA	30002.552609586	11.2580714793121	3975	14191711168.78	28952	24977	172.257767502271
156	Germany	2009	DE	349	923188385.32	2214	1865	2460280000000	82002356	22	78	55.8	22.3	67014884000	45275000000	9931730000	11871391000	NA	30002.552609586	11.2580714793121	4324	15114899554.1	31166	26842	183.515838981583
157	Germany	2010	DE	469	1612446539.22	2675	2206	2580060000000	81802257	21	79	56.3	22.7	70014208000	46929000000	10353729000	12731479000	NA	31540.2055471403	19.711516507668	4793	16727346093.32	33841	29048	203.227355489251
158	Germany	2010	DE	469	1612446539.22	2675	2206	2580060000000	81802257	21	79	56.3	22.7	70014208000	46929000000	10353729000	12731479000	NA	31540.2055471403	19.711516507668	5262	18339792632.54	36516	31254	222.938871996919
159	Germany	2011	DE	501	1509200200.75	2921	2420	2703120000000	80222065	18.1	81.9	57.6	24.3	75569073000	51077200000	10974300000	13517573000	NA	33695.4676995662	18.8127817546208	5763	19848992833.29	39437	33674	241.75165375154
160	Germany	2011	DE	501	1509200200.75	2921	2420	2703120000000	80222065	18.1	81.9	57.6	24.3	75569073000	51077200000	10974300000	13517573000	NA	33695.4676995662	18.8127817546208	6264	21358193034.04	42358	36094	260.56443550616
161	Germany	2012	DE	535	1542012131.55	3073	2538	2758260000000	80327900	17.9	82.1	57.2	24.9	79110378000	53790100000	11340547000	13979731000	NA	34337.5091344352	19.1964701125014	6799	22900205165.59	45431	38632	279.760905618662
162	Germany	2012	DE	535	1542012131.55	3073	2538	2758260000000	80327900	17.9	82.1	57.2	24.9	79110378000	53790100000	11340547000	13979731000	NA	34337.5091344352	19.1964701125014	7334	24442217297.14	48504	41170	298.957375731163
163	Germany	2013	DE	545	1844444125.28	3363	2818	2826240000000	80523746	17.7	82.3	57.1	25.2	79729508000	53566200000	11861635000	14301708000	NA	35098.2181082336	22.905592659338	7879	26286661422.42	51867	43988	321.862968390501
164	Germany	2013	DE	545	1844444125.28	3363	2818	2826240000000	80523746	17.7	82.3	57.1	25.2	79729508000	53566200000	11861635000	14301708000	NA	35098.2181082336	22.905592659338	8424	28131105547.7	55230	46806	344.768561049839
165	Germany	2014	DE	347	1801000485.22	1296	949	2923930000000	80767463	19.7	80.3	57.1	23.2	84454140000	56996500000	12527344000	14930296000	NA	36201.8304326335	22.2985892873718	8771	29932106032.92	56526	47755	367.067150337211
166	Germany	2014	DE	347	1801000485.22	1296	949	2923930000000	80767463	19.7	80.3	57.1	23.2	84454140000	56996500000	12527344000	14930296000	NA	36201.8304326335	22.2985892873718	9118	31733106518.14	57822	48704	389.365739624583
167	Germany	2015	DE	600	1527706018.32	2989	2389	3032820000000	81197537	19.8	80.2	56.4	23.8	87188000000	59058000000	13000000000	15130000000	NA	37351.1329537003	18.8146842227493	9718	33260812536.46	60811	51093	408.180423847332
168	Germany	2015	DE	600	1527706018.32	2989	2389	3032820000000	81197537	19.8	80.2	56.4	23.8	87188000000	59058000000	13000000000	15130000000	NA	37351.1329537003	18.8146842227493	10318	34788518554.78	63800	53482	426.995108070081
169	Germany	2016	DE	536	1460953253.54	2492	1956	           NA	NA	NA	NA	NA	NA	NA	NA	NA	NA	NA	NA	NA	10854	36249471808.32	66292	55438	NA
171	Greece	2003	EL	6	5425897	58	52	 178904900000	10915770	43.9	56.1	40.4	15.7	977780000	313490000	198390000	456770000	9130000	16389.581312175	0.49706956082805	6	5425897	58	52	0.49706956082805
172	Greece	2004	EL	80	222575984.2	739	659	 193715800000	10940369	40.9	59.1	41.6	17.5	1021470000	317370000	202600000	492000000	9500000	17706.5142866753	20.3444677414446	86	228001881.2	797	711	20.8415373022726
173	Greece	2005	EL	101	97627495	469	368	 199242300000	10969912	40	60	42.3	17.6	1153526000	357356000	233900000	547720000	14550000	18162.6160720341	8.89956956810592	187	325629376.2	1266	1079	29.7411068703785
174	Greece	2006	EL	118	298485222.19	801	683	 217861600000	11004716	41.4	58.6	39.9	18.7	1222600000	367300000	254400000	584500000	16400000	19797.1124379766	27.1233916613568	305	624114598.39	2067	1762	56.8644985317354
175	Greece	2007	EL	56	63107758.51	291	235	 232694600000	11036008	40.8	59.2	40.1	19.1	1341600000	383530000	280680000	660500000	16900000	21085.0336462243	5.71835019601291	361	687222356.9	2358	1997	62.5828487277483
176	Greece	2008	EL	107	219074514.94	666	559	 241990400000	11060937	39.7	60.3	40.5	19.8	1601570000	500800000	545930000	540570000	14270000	21877.9295099502	19.8061443564863	468	906296871.84	3024	2556	82.3889930842345
177	Greece	2009	EL	101	170408466.3	460	359	 237534200000	11094745	39.6	60.4	40.5	19.9	1485940000	537830000	388370000	544930000	14810000	21409.6132898954	15.3593855739812	569	1076705338.14	3484	2915	97.7483786582157
178	Greece	2010	EL	107	249798750.4	577	470	 226031400000	11119289	38.5	61.5	40.6	20.9	1352520000	533390000	320550000	483240000	15340000	20327.8644884578	22.4653528116771	676	1326504088.54	4061	3385	120.213731469893
179	Greece	2011	EL	98	177894916.1	550	452	 207028900000	11123392	37.1	62.9	40.7	22.2	1391156000	485863000	331727000	559528000	14039000	18612.0294960386	15.9928658542286	774	1504399004.64	4611	3837	136.206597324121
180	Greece	2012	EL	89	209570435.37	579	490	 191203900000	11086406	35.9	64.1	41.3	22.9	1337600000	458600000	331900000	534300000	12800000	17246.6983438997	18.903370070517	863	1713969440.01	5190	4327	155.109967394638
181	Greece	2013	EL	116	318392278.01	650	534	 180389000000	11003615	34.5	65.5	41.4	24	1465670000	488690000	410130000	548600000	18250000	16393.6124628134	28.9352433732005	979	2032361718.02	5840	4861	184.045210767839
182	Greece	2014	EL	44	117236872.72	272	228	 177559400000	10926807	33.1	66.9	42.2	24.6	1488740000	504370000	412690000	553200000	18480000	16249.8889199745	10.729289235181	1023	2149598590.74	6112	5089	194.77450000302
183	Greece	2015	EL	91	281917844.51	618	527	 176022700000	10858018	31.5	68.5	43	25.4	1683850000	561410000	465500000	643770000	13170000	16211.3103883232	25.9640244204789	1114	2431516435.25	6730	5616	220.738524423499
184	Greece	2016	EL	89	226216576.64	574	485	           NA	NA	NA	NA	NA	NA	NA	NA	NA	NA	NA	NA	NA	1203	2657733011.89	7304	6101	NA
186	Hungary	2003	HU	2	564928	18	16	  75174400000	10142362	30.1	69.9	56.8	13.1	693056000	254576000	217219000	185207000	NA	7411.92239046486	0.0556998458544469	2	564928	18	16	0.0556998458544469
187	Hungary	2004	HU	31	18266864	373	342	  83496800000	10116742	29.3	70.7	56.5	14.2	721312000	296596000	213144000	177282000	NA	8253.32898674296	1.80560737834374	33	18831792	391	358	1.86130722419819
188	Hungary	2005	HU	28	5000303	272	244	  90543000000	10097549	28.5	71.5	56.9	14.5	837589000	361634000	234513000	210626000	NA	8966.82947515283	0.495199676674013	61	23832095	663	602	2.3565069008722
189	Hungary	2006	HU	31	33769036	392	361	  91345000000	10076581	27.3	72.7	57.7	15	900451000	434694000	228459000	219266000	NA	9065.0787206494	3.35123947299188	92	57601131	1055	963	5.70774637386408
190	Hungary	2007	HU	19	12161386	166	147	 101605900000	10066158	26.3	73.7	58.3	15.4	977493000	492021000	236072000	228227000	NA	10093.8113627861	1.20814574935144	111	69762517	1221	1110	6.91589212321552
191	Hungary	2008	HU	36	36949701.18	303	267	 107503100000	10045401	25.8	74.2	57.8	16.4	1059155000	556805000	247759000	233407000	NA	10701.7231069223	3.6782704025454	147	106712218.18	1524	1377	10.5941625257609
192	Hungary	2009	HU	27	29565098.23	216	189	  93670700000	10030975	25	75	58.1	16.9	1067166000	610800000	214044000	223427000	NA	9338.14509556648	2.94738031248209	174	136277316.41	1740	1566	13.541542838243
193	Hungary	2010	HU	23	37049479.09	240	217	  98198400000	10014324	24.4	75.6	58.5	17.1	1126073000	673543000	208545000	224405000	NA	9805.79418041597	3.69964853244213	197	173326795.5	1980	1783	17.2411913706851
194	Hungary	2011	HU	37	44827935.56	256	219	 100704500000	9985722	24.3	75.7	57.7	18	1204629000	751954000	189839000	243134000	NA	10084.849147613	4.48920324038662	234	218154731.06	2236	2002	21.7303946110718
195	Hungary	2012	HU	32	34117607.85	237	205	  98972800000	9931925	23.5	76.5	57.5	19	1257332000	825137000	181602000	231489000	NA	9965.11753763747	3.43514553825165	266	252272338.91	2473	2207	25.1655401493234
196	Hungary	2013	HU	36	47360894.24	255	219	 101273300000	9908798	22.8	77.2	57.8	19.5	1415099000	982514000	210771000	203671000	NA	10220.5433999159	4.77968107130653	302	299633233.15	2728	2426	29.9452212206299
197	Hungary	2014	HU	22	14620931.54	109	87	 104239100000	9877365	22	78	57.7	20.2	1428824000	1021993000	196328000	192858000	NA	10553.3307719215	1.48024615269356	324	314254164.69	2837	2513	31.4254673733235
198	Hungary	2015	HU	43	60576040.66	220	177	 108747900000	9855571	21.9	78.1	57.2	20.9	1510935000	1109625000	200778000	183039000	NA	11034.1552001401	6.14637555348138	367	374830205.35	3057	2690	37.5718429268049
199	Hungary	2016	HU	30	31789944.9	176	146	           NA	NA	NA	NA	NA	NA	NA	NA	NA	NA	NA	NA	NA	397	406620150.25	3233	2836	NA
201	Ireland	2003	IE	3	463311	30	27	 145557100000	3964191	38.9	61.1	37.6	23.5	1636800000	1105000000	127400000	404400000	NA	36717.9835684002	0.116874035585066	3	463311	30	27	0.116874035585066
202	Ireland	2004	IE	38	60090875	282	244	 156143600000	4028851	38.3	61.7	36.8	24.9	1840400000	1210000000	138400000	492000000	NA	38756.3600639488	14.9151395770159	41	60554186	312	271	15.0320136126009
203	Ireland	2005	IE	47	46164396	234	187	 170215800000	4111672	36.5	63.5	37.4	26.1	2030000000	1330000000	150000000	550000000	NA	41398.1951867756	11.227645590407	88	106718582	546	458	26.259659203008
204	Ireland	2006	IE	64	41886200	265	201	 185060700000	4208156	35.2	64.8	37	27.7	2216900000	1466400000	150000000	600500000	NA	43976.6729180192	9.9535758655335	152	148604782	811	659	36.2132350685415
205	Ireland	2007	IE	19	61448441.6	93	74	 197293400000	4340118	34.1	65.9	37	28.9	2432000000	1603200000	168800000	660000000	NA	45458.0727989423	14.1582421491766	171	210053223.6	904	733	50.3714772177181
206	Ireland	2008	IE	28	58445004.35	245	217	 187687200000	4457765	32.4	67.6	37.3	30.3	2605600000	1686700000	169100000	749800000	NA	42103.4307550981	13.1108311788531	199	268498227.95	1149	950	63.4823083965711
207	Ireland	2009	IE	47	72451662.17	183	136	 169704300000	4521322	31.5	68.5	37.1	31.4	2735556000	1868456000	138100000	729000000	NA	37534.2211857505	16.0244420039095	246	340949890.12	1332	1086	79.5067504004806
208	Ireland	2010	IE	72	162871062.03	285	213	 167124300000	4549428	30.5	69.5	36.7	32.7	2669505000	1833600000	127400000	708500000	NA	36735.2335282589	35.8003384227644	318	503820952.15	1617	1299	115.307088823245
209	Ireland	2011	IE	74	183751668.91	301	227	 173070200000	4570881	29.7	70.3	37	33.3	2665900000	1859600000	131900000	674400000	NA	37863.6416043209	40.2004928393454	392	687572621.06	1918	1526	155.50758166259
210	Ireland	2012	IE	80	197084882.59	368	288	 175753600000	4582707	28.8	71.2	36.5	34.7	2733892000	1961692000	132000000	640200000	NA	38351.4809041905	43.0062150144009	472	884657503.65	2286	1814	198.513796676991
211	Ireland	2013	IE	97	192642296.5	399	302	 180209300000	4591087	27.2	72.8	36.4	36.3	2813140000	2021900000	129000000	662240000	NA	39251.9897793268	41.9600622902594	569	1077299800.15	2685	2116	240.473858967251
212	Ireland	2014	IE	66	112681891.41	206	140	 193159600000	4605501	25.6	74.4	38.6	35.8	2921400000	2106800000	130300000	684300000	NA	41941.0613525	24.4668042434471	635	1189981691.56	2891	2256	264.940663210698
213	Ireland	2015	IE	112	224178274	366	254	 255815200000	4628949	24.9	75.1	37.7	37.4	NA	NA	136200000	707400000	NA	55264.207922792	48.4296271140598	747	1414159965.56	3257	2510	313.370290324758
214	Ireland	2016	IE	111	233622875.28	383	272	           NA	NA	NA	NA	NA	NA	NA	NA	NA	NA	NA	NA	NA	858	1647782840.84	3640	2782	NA
216	Italy	2003	IT	14	23323662	147	133	1390709600000	57130506	53.7	46.3	37.2	9.1	14769000000	6979000000	2582000000	5000000000	208000000	24342.679548471	0.408252326699154	14	23323662	147	133	0.408252326699154
217	Italy	2004	IT	221	653810652.79	2058	1837	1448362700000	57495900	51.8	48.2	38.1	10	15253000000	7293000000	2722000000	5005000000	233000000	25190.7127290816	11.3714308809846	235	677134314.79	2205	1970	11.7796832076837
218	Italy	2005	IT	228	576446521	1553	1325	1489725500000	57874753	50.6	49.4	38.6	10.8	15598800000	7855800000	2701200000	4711700000	330100000	25740.5072640224	9.96024157545865	463	1253580835.79	3758	3295	21.7399247831424
219	Italy	2006	IT	289	738963653.7	2133	1844	1548473400000	58064214	49.5	50.5	39.1	11.4	16831300000	8210300000	2897100000	5093700000	630200000	26668.2917640115	12.7266624792338	752	1992544489.49	5891	5139	34.4665872623761
220	Italy	2007	IT	121	304456256.88	714	593	1609550800000	58223744	48.7	51.3	39.3	12	18231400000	9454700000	2644300000	5495200000	637200000	27644.2339400228	5.22907384451264	873	2297000746.37	6605	5732	39.6956611068888
221	Italy	2008	IT	270	864298562.03	1794	1524	1632150800000	58652875	47.9	52.1	39.5	12.7	18992800000	10173300000	2417100000	5786300000	616100000	27827.2940584754	14.7358260277949	1143	3161299308.4	8399	7256	54.4314871346837
222	Italy	2009	IT	238	688554705.83	1511	1273	1572878300000	59000586	47.1	52.9	40.1	12.8	19209000000	10238100000	2524600000	5812000000	634300000	26658.6894577623	11.67030283106	1381	3849854014.23	9910	8529	66.1017899657437
223	Italy	2010	IT	279	733015518.12	1846	1567	1604514500000	59190143	46.3	53.7	40.7	13	19624900000	10579200000	2687600000	5647500000	710600000	27107.7990130891	12.3840808784665	1660	4582869532.35	11756	10096	78.4858708442102
224	Italy	2011	IT	317	835597604.99	1974	1657	1637462900000	59364690	45.5	54.5	41.4	13.2	19810600000	10825300000	2653600000	5669200000	662500000	27583.1121159733	14.0756669493263	1977	5418467137.34	13730	11753	92.5615377935365
225	Italy	2012	IT	322	867237880.79	1958	1636	1613265000000	59394207	44.2	55.8	41.9	13.9	20502500000	11107200000	3040400000	5747800000	607100000	27161.9924145127	14.6013883271478	2299	6285705018.13	15688	13389	107.162926120684
226	Italy	2013	IT	317	962328780.8	2016	1699	1604477900000	59685227	43.4	56.6	42.2	14.4	20983100000	11480400000	2937400000	5938200000	627100000	26882.3288550113	16.1233998624149	2616	7248033798.93	17704	15088	123.286325983099
227	Italy	2014	IT	220	414330900.47	951	731	1611884000000	60782668	42.3	57.7	42.7	15	22291054000	12343773000	2959783000	6325700000	661798000	26518.8096053961	6.81659614661864	2836	7662364699.4	18655	15819	130.102922129718
228	Italy	2015	IT	438	896382431.11	2033	1595	1636371700000	60795612	41.9	58.1	42.7	15.5	21892000000	12105675000	2901586000	6254400000	630352000	26915.9507761843	14.7441961947846	3274	8558747130.51	20688	17414	144.847118324502
229	Italy	2016	IT	447	922054835.22	1977	1530	           NA	NA	NA	NA	NA	NA	NA	NA	NA	NA	NA	NA	NA	3721	9480801965.73	22665	18944	NA
231	Latvia	2004	LV	7	3653419	80	73	  11662100000	2276520	24.5	75.5	59	16.5	46707000	20776000	9080000	16837000	0	5122.77511289161	1.60482622599406	7	3653419	80	73	1.60482622599406
232	Latvia	2005	LV	2	200000	63	61	  13710600000	2249724	24.6	75.4	58.5	16.9	72693000	29609000	13587000	29494000	3000	6094.34757330233	0.0888997939302777	9	3853419	143	134	1.69372601992434
233	Latvia	2007	LV	2	216930	33	31	  22639500000	2208840	24	76	57.5	18.5	125590000	40884000	30463000	54244000	NA	10249.4974737871	0.0982099201390775	11	4070349	176	165	1.79193594006342
234	Latvia	2008	LV	5	2559468.46	61	56	  24317900000	2191810	22.8	77.2	56.5	20.7	141590000	35433000	38991000	67166000	NA	11094.8941742213	1.16774193931043	16	6629817.46	237	221	2.95967787937385
235	Latvia	2009	LV	1	81419.6	44	43	  18731200000	2162834	21.5	78.5	57	21.4	84882000	30892000	20973000	33018000	NA	8660.48896956493	0.0376448677984533	17	6711237.06	281	264	2.9973227471723
236	Latvia	2010	LV	4	5922987.4	48	44	  17772400000	2120504	19.5	80.5	57.8	22.6	108649000	40214000	24975000	43459000	NA	8381.21503189808	2.79319793784874	21	12634224.46	329	308	5.79052068502104
237	Latvia	2011	LV	3	298141.8	39	36	  20144200000	2074605	19.5	80.5	56.8	23.6	140730000	39076000	32846000	68808000	NA	9709.89658272298	0.143710152053041	24	12932366.26	368	344	5.93423083707408
238	Latvia	2012	LV	6	8410447.2	53	47	  21982700000	2044813	17.4	82.6	57.4	25.2	146516000	33098000	39723000	73735000	NA	10750.4696028439	4.11306422641092	30	21342813.46	421	391	10.047295063485
239	Latvia	2013	LV	9	13505589	60	51	  22805200000	2023825	16.6	83.4	56.4	27	139766000	39475000	40377000	59914000	NA	11268.3655948513	6.67329882771485	39	34848402.46	481	442	16.7205938911999
240	Latvia	2014	LV	3	1078450	27	24	  23580900000	2001468	16.1	83.9	57	26.9	162800000	57800000	39000000	66000000	NA	11781.8021572166	0.538829499147626	42	35926852.46	508	466	17.2594233903475
241	Latvia	2015	LV	9	3333549.25	70	61	  24377700000	1986096	15.6	84.4	56.3	28.1	152300000	37700000	39000000	75600000	NA	12274.1801000556	1.67844316186126	51	39260401.71	578	527	18.9378665522087
242	Latvia	2016	LV	6	3209720.75	54	48	           NA	NA	NA	NA	NA	NA	NA	NA	NA	NA	NA	NA	NA	57	42470122.46	632	575	NA
243	Lithuania	2004	LT	6	2290427	98	92	  18237400000	3398929	21.6	78.4	56.8	21.6	136903000	29339000	33741000	73824000	NA	5365.63135034595	0.67386726818948	6	2290427	98	92	0.67386726818948
244	Lithuania	2005	LT	3	876201	105	102	  21002400000	3355220	20.8	79.2	56.9	22.4	156974000	32003000	39215000	85757000	NA	6259.61933941739	0.261145617873046	9	3166628	203	194	0.935012886062525
245	Lithuania	2006	LT	9	3525247	105	96	  24079200000	3289835	20.7	79.3	57.4	22	190512000	53232000	43530000	93750000	NA	7319.27285107004	1.07155738813649	18	6691875	308	290	2.00657027419901
246	Lithuania	2007	LT	3	1699497	34	31	  29040700000	3249983	19.9	80.1	56.4	23.7	232594000	66352000	48482000	117760000	NA	8935.64674030603	0.522924889145574	21	8391372	342	321	2.52949516334459
247	Lithuania	2009	LT	8	9195488.67	68	60	  26934800000	3183856	18	82	56.5	25.5	223471000	54507000	52305000	116659000	NA	8459.8047147861	2.8881609815268	29	17586860.67	410	381	5.41765614487139
248	Lithuania	2010	LT	1	106639.6	55	54	  28027700000	3141976	17.1	82.9	56	26.9	219590000	64556000	38520000	116514000	NA	8920.40550277914	0.0339402974433923	30	17693500.27	465	435	5.45159644231478
249	Lithuania	2011	LT	3	1764727.4	58	55	  31263100000	3052588	15.9	84.1	56.3	27.9	282698000	74114000	55346000	153238000	NA	10241.5065511625	0.578108608171165	33	19458227.67	523	490	6.02970505048595
250	Lithuania	2012	LT	5	6848304.79	81	76	  33334700000	3003641	15	85	56.4	28.6	298367000	80341000	58416000	159610000	NA	11098.0972759394	2.28000110199588	38	26306532.46	604	566	8.30970615248182
251	Lithuania	2013	LT	9	23189791.12	68	59	  34962200000	2971905	14.4	85.6	55.8	29.8	332426000	84627000	65918000	181881000	NA	11764.2387626792	7.8030055200284	47	49496323.58	672	625	16.1127116725102
252	Lithuania	2014	LT	4	3591701.9	29	25	  36444400000	2943472	14.2	85.8	54.3	31.4	376827000	116336000	64044000	196447000	NA	12381.4325395315	1.22022628379003	51	53088025.48	701	650	17.3329379563002
253	Lithuania	2015	LT	9	2218249.15	67	58	  37123600000	2921262	13.8	86.2	53	33.2	386998000	104068000	66536000	216394000	NA	12708.0693207251	0.759346183259153	60	55306274.63	768	708	18.0922841395594
254	Lithuania	2016	LT	13	4962910.05	89	76	           NA	NA	NA	NA	NA	NA	NA	NA	NA	NA	NA	NA	NA	73	60269184.68	857	784	NA
256	Luxembourg	2003	LU	2	4820339	7	5	  25877300000	448300	43.3	56.7	44	12.6	425800000	379400000	44900000	1500000	NA	57723.1764443453	10.7524849431184	2	4820339	7	5	10.7524849431184
257	Luxembourg	2004	LU	2	2350329	20	18	  27660500000	454960	40.3	59.7	38.9	20.8	447700000	393000000	49200000	5500000	NA	60797.6525408827	5.16601239669421	4	7170668	27	23	15.9184973398127
258	Luxembourg	2005	LU	4	34004488	25	21	  29733500000	461230	38.7	61.3	38.3	23	472000000	408000000	56900000	7100000	NA	64465.6678880385	73.7256639854303	8	41175156	52	44	89.6441613252429
259	Luxembourg	2006	LU	4	10538303.02	41	37	  33409300000	469086	39.3	60.7	40.2	20.5	563500000	485000000	66520000	12000000	NA	71222.1213167735	22.4656097602572	12	51713459.02	93	81	112.1097710855
260	Luxembourg	2007	LU	2	6362775	20	18	  36766100000	476187	38.7	61.3	38.6	22.7	591600000	495000000	79000000	17600000	NA	77209.3736284275	13.3619250420528	14	58076234.02	113	99	125.471696127553
261	Luxembourg	2008	LU	5	13835369	36	31	  37647400000	483799	36.8	63.2	39.5	23.7	618800000	482000000	99000000	37800000	NA	77816.2005295588	28.5973493124211	19	71911603.02	149	130	154.069045439974
262	Luxembourg	2009	LU	3	11433879.71	22	19	  36268200000	493500	28.5	71.5	41.3	30.2	620280000	470700000	99880000	49700000	0	73491.7933130699	23.168955845998	22	83345482.73	171	149	177.238001285972
263	Luxembourg	2010	LU	3	4549338.2	23	20	  39525500000	502066	28.9	71.1	40.8	30.3	603700000	400000000	128590000	75129000	0	78725.7053853477	9.06123537542873	25	87894820.93	194	169	186.299236661401
264	Luxembourg	2011	LU	4	26573819	36	32	  42226900000	511840	29.1	70.9	39.3	31.7	631400000	416200000	147788000	67436000	0	82500.1953735542	51.9182146764614	29	114468639.93	230	201	238.217451337862
265	Luxembourg	2012	LU	6	10232985.8	57	51	  43574100000	524853	28.4	71.6	38.2	33.4	561403000	310400000	156226000	94778000	0	83021.5317431738	19.4968606447901	35	124701625.73	287	252	257.714311982652
266	Luxembourg	2013	LU	7	20635037.11	46	39	  46541100000	537039	26.1	73.9	38.6	35.2	605731000	317900000	175453000	112378000	NA	86662.4211649433	38.4237217594998	42	145336662.84	333	291	296.138033742152
267	Luxembourg	2014	LU	5	4031548.55	28	23	  48897500000	549680	24.9	75.1	35.5	39.6	629800000	338400000	188035000	103385000	NA	88956.3018483481	7.33435553412895	47	149368211.39	361	314	303.472389276281
268	Luxembourg	2015	LU	13	22783724.5	81	68	  52112500000	562958	30.3	69.7	34.5	35.2	671070000	342400000	208970000	119700000	NA	92569.0726484036	40.4714463601192	60	172151935.89	442	382	343.9438356364
269	Luxembourg	2016	LU	10	15913083.52	63	53	           NA	NA	NA	NA	NA	NA	NA	NA	NA	NA	NA	NA	NA	70	188065019.41	505	435	NA
271	Malta	2004	MT	4	1134849	41	37	   4867200000	399867	74	26	15.8	10.2	24046000	15906000	607000	7534000	0	12172.0472056959	2.8380661569972	4	1134849	41	37	2.8380661569972
272	Malta	2005	MT	1	446400	29	28	   5142100000	402668	68.9	31.1	20.7	10.3	27213000	18084000	1286000	7843000	0	12770.0736090278	1.10860560064371	5	1581249	70	65	3.94667175764091
273	Malta	2006	MT	1	NA	45	44	   5386100000	404999	67.5	32.5	21.5	11.1	31253000	20685000	1366000	9203000	0	13299.0451828276	NA	6	NA	115	109	NA
274	Malta	2007	MT	2	493377	18	16	   5757500000	405616	67.3	32.7	21	11.7	31580000	20902000	581000	10097000	0	14194.4597846239	1.21636473906355	8	NA	133	125	NA
275	Malta	2009	MT	2	1175300.8	26	24	   6138600000	410926	62	38	25.2	12.8	31761000	20124000	1503000	10134000	0	14938.4560723829	2.86012761421765	10	NA	159	149	NA
276	Malta	2010	MT	4	3250315.49	18	14	   6599500000	414027	60.3	39.7	25.6	14.2	40598000	24548000	1758000	14292000	0	15939.7817050579	7.85049161045053	14	NA	177	163	NA
277	Malta	2011	MT	3	7437776.58	27	24	   6874900000	414989	58.9	41.1	26	15.1	46195000	29960000	1999000	14237000	0	16566.4632074585	17.9228282677372	17	NA	204	187	NA
278	Malta	2012	MT	5	2946282.29	29	24	   7208800000	417546	56.7	43.3	26.9	16.4	59738000	34183000	4748000	20807000	0	17264.6846095999	7.05618612081064	22	NA	233	211	NA
279	Malta	2013	MT	6	3476626.86	37	31	   7671300000	421364	54.9	45.1	27.9	17.2	59054000	30544000	5630000	22879000	0	18205.8742559877	8.25088726137022	28	NA	270	242	NA
280	Malta	2014	MT	4	2007142.8	17	13	   8092900000	425384	53.6	46.4	28.4	18	60539000	33460000	6042000	21037000	0	19024.9280649954	4.71842570477498	32	NA	287	255	NA
281	Malta	2015	MT	2	429907	30	28	   8788400000	429344	52.4	47.6	29.5	18.1	67603000	32794000	11850000	22960000	0	20469.3672206902	1.00131130282477	34	NA	317	283	NA
282	Malta	2016	MT	8	6058971.78	39	31	           NA	NA	NA	NA	NA	NA	NA	NA	NA	NA	NA	NA	NA	42	NA	356	314	NA
284	Netherlands	2003	NL	19	69408652	88	69	 506671000000	16192572	34.8	65.2	41.4	23.8	9148000000	4804000000	1216000000	3126000000	NA	31290.3348523014	4.2864501081113	19	69408652	88	69	4.2864501081113
285	Netherlands	2004	NL	159	660562333	1198	1039	 523939000000	16258032	33.3	66.7	41.1	25.7	9469000000	5071000000	1253000000	3145000000	NA	32226.4711989741	40.629907297513	178	729970985	1286	1108	44.9163574056243
286	Netherlands	2005	NL	159	349295433	960	801	 545609000000	16305526	32.6	67.4	41.2	26.2	9772000000	5169000000	1216000000	3387000000	NA	33461.6006867856	21.4219052485642	337	1079266418	2246	1909	66.3382626541885
287	Netherlands	2006	NL	210	564569360	1283	1073	 579212000000	16334210	32.3	67.7	41.5	26.2	10175000000	5480000000	1260000000	3435000000	NA	35460.0559194476	34.5636158712298	547	1643835778	3529	2982	100.901878525418
288	Netherlands	2007	NL	106	301976555	584	478	 613280000000	16357992	31.5	68.5	41.9	26.7	10342000000	5495000000	1259000000	3588000000	NA	37491.1541710009	18.4604904440594	653	1945812333	4113	3460	119.362368969478
289	Netherlands	2008	NL	180	508021785.7	1137	957	 639163000000	16405399	31.3	68.7	40.8	27.8	10502000000	5263000000	1259000000	3980000000	NA	38960.5275677842	30.9667436738357	833	2453834118.7	5250	4417	150.329112643313
290	Netherlands	2009	NL	165	402264994.64	943	778	 617540000000	16485787	31.2	68.8	40.4	28.4	10408000000	4900000000	1327000000	4181000000	NA	37458.9335650157	24.4007152731016	998	2856099113.34	6193	5195	174.729827916415
291	Netherlands	2010	NL	205	660197829.37	1118	913	 631512000000	16574989	31.9	68.1	40.4	27.7	10892000000	5218000000	1279000000	4395000000	NA	38100.2967784775	39.8309663656489	1203	3516296942.71	7311	6108	214.560794282064
292	Netherlands	2011	NL	245	666634340.58	1322	1077	 642929000000	16655799	31.6	68.4	40.4	28	12235300000	6921738000	1319387000	3994174000	NA	38600.910109446	40.0241585876487	1448	4182931283.29	8633	7185	254.584952869712
293	Netherlands	2012	NL	309	818328317.09	1443	1134	 645164000000	16730348	30.8	69.2	40.6	28.6	12512616000	7077622000	1481641000	3953353000	NA	38562.49732522	48.9128090515511	1757	5001259600.38	10076	8319	303.497761921264
294	Netherlands	2013	NL	322	904978606.53	1587	1265	 652748000000	16779575	29	71	41.6	29.3	12746047000	7094800000	1558900000	4092347000	NA	38901.3428528434	53.9333449464602	2079	5906238206.91	11663	9584	357.431106867724
295	Netherlands	2014	NL	209	534503021.63	748	539	 663008000000	16829289	28.8	71.2	41.4	29.7	13267860000	7433425000	1572252000	4262182000	NA	39396.0790619259	31.7602853947068	2288	6440741228.54	12411	10123	389.191392262431
296	Netherlands	2015	NL	369	1156167110.91	1460	1091	 676531000000	16900726	28.4	71.6	41.1	30.5	13630000000	7574000000	1681000000	4375000000	NA	40029.7004992567	68.4093163163523	2657	7596908339.45	13871	11214	457.600708578783
297	Netherlands	2016	NL	320	902375156.26	1240	920	           NA	NA	NA	NA	NA	NA	NA	NA	NA	NA	NA	NA	NA	2977	8499283495.71	15111	12134	NA
299	Poland	2003	PL	4	3073672	48	44	 192274300000	38218531	24.1	75.9	64.3	11.6	1036049000	284049000	421334000	328644000	2023000	5030.91811665917	0.0804236039318204	4	3073672	48	44	0.0804236039318204
300	Poland	2004	PL	57	37450715.87	581	524	 206119500000	38190608	23	77	64.2	12.8	1138840000	326633000	444287000	363899000	4021000	5397.12538747747	0.980626332788417	61	40524387.87	629	568	1.06104993672024
301	Poland	2005	PL	63	25494893	513	450	 246201300000	38173835	21.8	78.2	64.3	13.9	1385658000	439995000	503803000	437559000	4300000	6449.47776402345	0.667863027123159	124	66019280.87	1142	1018	1.7289129638434
302	Poland	2006	PL	55	38725632.8	585	530	 274602500000	38157055	21	79	64.2	14.9	1512565000	476989000	560127000	468929000	6520000	7196.6376860059	1.0149009875107	179	104744913.67	1727	1548	2.74381395135409
303	Poland	2007	PL	22	4319907	192	170	 313874000000	38125479	20.4	79.6	63.9	15.7	1763618000	535375000	624917000	597986000	5339000	8232.65722117223	0.113307612476161	201	109064820.67	1919	1718	2.85712156383026
304	Poland	2008	PL	33	43913204.81	358	325	 366182300000	38115641	19.6	80.4	63.8	16.5	2194186000	678711000	775348000	738191000	1936000	9607.14001897541	1.1521045864085	234	152978025.48	2277	2043	4.00922615023876
305	Poland	2009	PL	37	57820875.77	319	282	 317082900000	38135876	18.7	81.3	63.2	18.1	2095827000	597260000	719105000	776828000	2657000	8314.55661330554	1.51618061087675	271	210798901.25	2596	2325	5.52540676111551
306	Poland	2010	PL	34	45518451.92	342	308	 361744300000	38022869	18	82	62.6	19.4	2607505000	694295000	935965000	969810000	7410000	9513.86125018604	1.19713354402583	305	256317353.17	2938	2633	6.72254030514134
307	Poland	2011	PL	42	39301163.76	365	323	 380176800000	38062718	17.5	82.5	62.2	20.3	2836165000	854633000	979421000	995559000	6552000	9988.16742409199	1.03253697647131	347	295618516.93	3303	2956	7.75507728161265
308	Poland	2012	PL	38	57238256.45	329	291	 389273300000	38063792	16.7	83.3	61.8	21.5	3429852000	1276340000	958946000	1181017000	13549000	10226.8659938032	1.50374551358414	385	352856773.38	3632	3247	9.25882279519679
309	Poland	2013	PL	32	59378749.36	351	319	 394601800000	38062535	16.1	83.9	61.3	22.6	3436284000	1498797000	921930000	1005432000	10101000	10367.1970350898	1.56003138939642	417	412235522.74	3983	3566	10.8188541845932
310	Poland	2014	PL	25	14069564.54	168	143	 410856300000	38017856	15.5	84.5	60.7	23.8	3864016000	1800086000	925531000	1126784000	11615000	10806.929775314	0.37007780081023	442	426305087.28	4151	3709	11.1889319854034
311	Poland	2015	PL	45	58696122.91	339	294	 427737400000	38005614	15.2	84.8	60.3	24.4	4316508000	2010325000	1052986000	1246433000	6788000	11254.5846516254	1.54440664766	487	485001210.19	4490	4003	12.7333386330634
312	Poland	2016	PL	52	95928224.51	320	268	           NA	NA	NA	NA	NA	NA	NA	NA	NA	NA	NA	NA	NA	539	580929434.7	4810	4271	NA
314	Portugal	2003	PT	1	899932	23	22	 146158300000	10444592	75.7	24.3	14.9	9.4	1019581000	338038000	172045000	391797000	117700000	13993.6820892573	0.0861624848534055	1	899932	23	22	0.0861624848534055
315	Portugal	2004	PT	36	65777656	423	387	 152371600000	10473050	73.7	26.3	15.5	10.8	1110346000	400027000	173799000	408492000	128029000	14548.9231885649	6.2806590248304	37	66677588	446	409	6.3668215096838
316	Portugal	2005	PT	22	15463330	226	204	 158652600000	10494672	72.7	27.3	16.3	11.1	1201112000	462015000	175552000	425187000	138357000	15117.4424507979	1.47344576371706	59	82140918	672	613	7.84026727340086
317	Portugal	2006	PT	38	58614210	376	338	 166248700000	10511988	71.7	28.3	16.7	11.7	1586922000	736402000	180014000	506076000	164430000	15815.1531375416	5.57593958440592	97	140755128	1048	951	13.4162068578068
318	Portugal	2007	PT	12	12439009	123	111	 175467700000	10532588	71.4	28.6	16.6	12	1972733000	1010790000	184475000	586965000	190503000	16659.5047674892	1.18100214306303	109	153194137	1171	1062	14.5972090008698
319	Portugal	2008	PT	30	50232649.36	305	275	 178872600000	10553339	70.8	29.2	16.6	12.6	2585075000	1295099000	188316000	891266000	210394000	16949.384455479	4.75988209608352	139	203426786.36	1476	1337	19.3570910969533
320	Portugal	2009	PT	47	39120690.13	294	247	 175448200000	10563014	69.2	30.8	17.7	13.1	2771600000	1311070000	202537000	1013728000	244265000	16609.6722015137	3.70355375179849	186	242547476.49	1770	1584	23.0606448487518
321	Portugal	2010	PT	53	62997408.57	344	291	 179929800000	10573479	67.3	32.7	18.8	13.9	2757555000	1266296000	196288000	1016624000	278346000	17017.0858617112	5.95805870234385	239	305544885.06	2114	1875	29.0187035510957
322	Portugal	2011	PT	38	59795366.62	350	312	 176166600000	10572721	64.2	35.8	20.3	15.5	2566450000	1216346000	189330000	933812000	226962000	16662.3710206672	5.6556270254365	277	365340251.68	2464	2187	34.6743305765322
323	Portugal	2012	PT	59	64961968.82	407	348	 168398000000	10542398	61.6	38.4	21.7	16.7	2320133000	1153332000	124224000	846001000	196576000	15973.4056710817	6.16197271436726	336	430302220.5	2871	2535	40.8363032908994
324	Portugal	2013	PT	66	119377527.9	455	389	 170269300000	10487289	59.4	40.6	23	17.6	2258471000	1072909000	147150000	1008267000	30145000	16235.77837895	11.3830683887895	402	549679748.4	3326	2924	52.219371679689
325	Portugal	2014	PT	44	50610428.51	237	193	 173079100000	10427301	56.3	43.7	24	19.7	2232249000	1035966000	139833000	1018025000	38425000	16598.6481065426	4.85364606910264	446	600290176.91	3563	3117	57.0730177487916
326	Portugal	2015	PT	88	153861371.05	502	414	 179539900000	10374822	54.4	45.6	24.9	20.7	2289143000	1078574000	135289000	1041661000	33618000	17305.3475037933	14.8302661048064	534	754151547.96	4065	3531	71.903283853598
327	Portugal	2016	PT	94	130566563.91	425	331	           NA	NA	NA	NA	NA	NA	NA	NA	NA	NA	NA	NA	NA	628	884718111.87	4490	3862	NA
329	Romania	2004	RO	11	4057940	170	159	  61404000000	21521142	34.5	65.5	56.8	8.7	235219000	130092000	80318000	23764000	1045000	2853.19431468832	0.188555979046093	11	4057940	170	159	0.188555979046093
330	Romania	2005	RO	26	12872296	171	145	  80225600000	21382354	33.3	66.7	57.6	9.1	326897000	162540000	111702000	44682000	7976000	3751.95359687713	0.602005560285832	37	16930236	341	304	0.790561539331925
331	Romania	2006	RO	4	115952	190	186	  98418600000	21257016	32.1	67.9	58.4	9.6	444098000	215334000	143649000	78672000	6443000	4629.93488832111	0.00545476373541799	41	17046188	531	490	0.796016303067343
332	Romania	2007	RO	6	836782	87	81	 125403400000	21130503	30.9	69.1	59.1	9.9	652815000	271791000	221619000	157330000	2075000	5934.70964699704	0.0396006663920873	47	17882970	618	571	0.835616969459431
333	Romania	2008	RO	12	19598645.19	215	203	 142396300000	20635460	30.2	69.8	59.2	10.7	809401000	242492000	331505000	233531000	1867000	6900.56339911977	0.949755672517114	59	37481615.19	833	774	1.78537264197654
334	Romania	2009	RO	9	10479274.66	164	155	 120409200000	20440290	30.2	69.8	58.6	11.2	555887000	223365000	194044000	137516000	962000	5890.77747918449	0.512677396455725	68	47960889.85	997	929	2.29805003843227
335	Romania	2010	RO	6	3803488.4	139	133	 126746400000	20294683	30.6	69.4	57.5	11.9	572971000	219548000	210672000	140384000	2367000	6245.3008012	0.187413048038247	74	51764378.25	1136	1062	2.48546308647052
336	Romania	2011	RO	11	10653476.51	151	140	 133305900000	20199059	30	70	57.2	12.9	657411000	236969000	267643000	150317000	2482000	6599.60941744861	0.527424396849378	85	62417854.76	1287	1202	3.01288748331989
337	Romania	2012	RO	7	3872858.9	144	137	 133511400000	20095996	29.2	70.8	57.3	13.5	644211000	251034000	263553000	127069000	2554000	6643.68165678377	0.192717937443857	92	66290713.66	1431	1339	3.20560542076375
338	Romania	2013	RO	10	9043832.48	193	183	 144253500000	20020074	28.9	71.1	57.3	13.8	557769000	171014000	274580000	109971000	2204000	7205.44289696432	0.451738214354253	102	75334546.14	1624	1522	3.657343635118
339	Romania	2014	RO	7	14690577.45	81	74	 150230100000	19947311	31.2	68.8	54.6	14.2	575120000	238410000	247045000	87531000	2134000	7531.34595434944	0.736469063424138	109	90025123.59	1705	1596	4.39381269854214
340	Romania	2015	RO	12	9489858.65	187	175	 160352800000	19870647	29.4	70.6	55.6	15	782142000	344146000	299223000	136435000	2338000	8069.83285446116	0.47758176419721	121	99514982.24	1892	1771	4.87139446273935
341	Romania	2016	RO	14	12421849.6	183	169	           NA	NA	NA	NA	NA	NA	NA	NA	NA	NA	NA	NA	NA	135	111936831.84	2075	1940	NA
343	Slovakia	2003	SK	2	557289	11	9	  30064500000	5374873	20.6	79.4	69.9	9.6	169103000	93349000	53459000	22247000	48000	5593.52751218494	0.103684124257448	2	557289	11	9	0.103684124257448
344	Slovakia	2004	SK	13	6821131	130	117	  34702300000	5371875	20.7	79.3	68.9	10.4	174028000	85602000	53070000	35005000	350000	6459.99767306574	1.26978587550902	15	7378420	141	126	1.37346999976646
345	Slovakia	2005	SK	9	2082765	132	123	  39219900000	5372685	20	80	68.7	11.4	194376000	96890000	57642000	39689000	156000	7299.86961826349	0.38765812624414	24	9461185	273	249	1.7611281260106
346	Slovakia	2006	SK	6	3617322	130	124	  45396200000	5372928	18.9	81.1	69.2	11.9	216562000	93251000	70954000	52201000	156000	8449.0616661902	0.673249669453974	30	13078507	403	373	2.43437779546458
347	Slovakia	2007	SK	4	234600	48	44	  56090600000	5373180	18.4	81.6	69.7	11.9	252100000	99712000	89133000	63010000	245000	10438.9951574301	0.0436612955456545	34	13313107	451	417	2.47803909101023
348	Slovakia	2008	SK	2	281657.82	90	88	  65839800000	5376064	17.6	82.4	70.1	12.3	304962000	130779000	100032000	73973000	179000	12246.8408114189	0.0523910838859061	36	13594764.82	541	505	2.53043017489614
349	Slovakia	2009	SK	10	6517436.33	78	68	  63818500000	5382401	16.5	83.5	70.1	13.4	302994000	124376000	102699000	75775000	144000	11856.8832013817	1.2108789980531	46	20112201.15	619	573	3.74130917294924
350	Slovakia	2010	SK	4	1047406	69	65	  67387100000	5390410	16.3	83.7	68.7	15.1	416369000	175245000	124752000	115081000	1291000	12501.293964652	0.194309152736063	50	21159607.15	688	638	3.9356183256853
351	Slovakia	2011	SK	2	3609173	64	62	  70443500000	5392446	15.7	84.3	68	16.4	468439000	174145000	129575000	163712000	1007000	13063.3667912484	0.669301649010486	52	24768780.15	752	700	4.60491997469579
352	Slovakia	2012	SK	5	8134194.6	61	56	  72420000000	5404322	15	85	68	17	585225000	241979000	143515000	199132000	600000	13400.3858393338	1.50512767373965	57	32902974.75	813	756	6.11004764843543
353	Slovakia	2013	SK	10	12897936.46	82	72	  73835100000	5410836	14.7	85.3	67.5	17.7	610876000	282609000	125126000	202219000	922000	13645.7841265195	2.38372341353536	67	45800911.21	895	828	8.49377106197079
354	Slovakia	2014	SK	6	15185169.13	29	23	  75560500000	5415949	15.2	84.8	66.7	18.1	669632000	246678000	189768000	230458000	2728000	13951.4792329101	2.80378731963687	73	60986080.34	924	851	11.2975583816077
355	Slovakia	2015	SK	12	11880998.72	95	83	  78070800000	5421349	14.6	85.4	66.5	18.9	927272000	259189000	258341000	406069000	3673000	14400.6224281078	2.19152073035696	85	72867079.06	1019	934	13.4890791119646
356	Slovakia	2016	SK	15	7083234.96	111	96	           NA	NA	NA	NA	NA	NA	NA	NA	NA	NA	NA	NA	NA	100	79950314.02	1130	1030	NA
357	Slovenia	2004	SI	5	6665218	144	139	  27736700000	1996433	24.4	75.6	59.9	15.7	379452000	254139000	75257000	49005000	1050000	13893.1283944916	3.33856332769494	5	6665218	144	139	3.33856332769494
358	Slovenia	2005	SI	12	5548241	171	159	  29235400000	1997590	24	76	59.4	16.7	412889000	242912000	99905000	69149000	923000	14635.3355793731	2.77746734815453	17	12213459	315	298	6.11603067584947
359	Slovenia	2006	SI	11	4238373	237	226	  31561200000	2003358	22.8	77.2	59.4	17.8	483812000	291400000	118561000	73012000	839000	15754.1487841913	2.11563434992647	28	16451832	552	524	8.23166502577594
360	Slovenia	2007	SI	5	4013102.23	59	54	  35152600000	2010377	22.2	77.8	59.3	18.5	500510000	299450000	122490000	77870000	700000	17485.576088465	1.99619386314109	33	20464934.23	611	578	10.227858888917
361	Slovenia	2008	SI	9	34657509.51	174	165	  37951200000	2010269	21.9	78.1	59.2	19	616949000	398274000	135225000	82834000	618000	18878.6674818146	17.2402347695756	42	55122443.74	785	743	27.4680936584926
362	Slovenia	2009	SI	7	8425041.09	133	126	  36166200000	2032362	20.8	79.2	59.6	19.6	656882000	424399000	136351000	95669000	463000	17795.1565715163	4.14544312971803	49	63547484.83	918	869	31.6135367882107
363	Slovenia	2010	SI	4	418271.6	117	113	  36252400000	2046976	20.9	79.1	58.9	20.2	745942000	505817000	135921000	103771000	433000	17710.2222986493	0.204336347861431	53	63965756.43	1035	982	31.8178731360721
364	Slovenia	2011	SI	9	21283406.28	130	121	  36896300000	2050189	19.7	80.3	58.8	21.6	894213000	660484000	127831000	105429000	469000	17996.5359291265	10.3811923095871	62	85249162.71	1165	1103	42.1990654456592
365	Slovenia	2012	SI	14	39274764.38	158	144	  36002500000	2055496	19	81	58	23	928306000	703098000	121483000	103283000	442000	17515.2371982237	19.1071957230761	76	124523927.09	1323	1247	61.3062611687353
366	Slovenia	2013	SI	7	15245171.72	156	149	  35917100000	2058821	18.5	81.5	57.1	24.4	935006000	715538000	121662000	97432000	374000	17445.4700044346	7.40480678990548	83	139769098.81	1479	1396	68.7110679586408
367	Slovenia	2014	SI	10	11059840.43	70	60	  37332400000	2061085	18.4	81.6	56.5	25.1	890232000	688518000	108289000	93061000	364000	18112.9841806621	5.36602829577625	93	150828939.24	1549	1456	74.077096254417
368	Slovenia	2015	SI	33	58916160.75	206	173	  38570000000	2062874	17.4	82.6	55.9	26.6	853067000	650579000	115218000	86934000	337000	18697.2156321714	28.5602323505944	126	209745099.99	1755	1629	102.637328605011
369	Slovenia	2016	SI	27	33699736.38	154	127	           NA	NA	NA	NA	NA	NA	NA	NA	NA	NA	NA	NA	NA	153	243444836.37	1909	1756	NA
371	Spain	2003	ES	8	34765353	119	111	 803472000000	41827838	55.8	44.2	20.7	23.6	8213036000	4443438000	1261763000	2491959000	15873000	19209.0253385795	0.831153477260766	8	34765353	119	111	0.831153477260766
372	Spain	2004	ES	184	340977107.11	1540	1356	 861420000000	42547451	54.5	45.5	21	24.5	8945761000	4864930000	1427504000	2641653000	11674000	20246.101229425	8.01404312352343	192	375742460.11	1659	1467	8.8451966007842
373	Spain	2005	ES	214	311563660	1217	1003	 930566000000	43296338	51.7	48.3	22.3	26.1	10196871000	5485034000	1738053000	2959928000	13857000	21492.9493575184	7.19607418068475	406	687306120.11	2876	2470	16.0412707814689
374	Spain	2006	ES	212	441364108.61	1645	1433	1007974000000	44009971	50.9	49.1	22.8	26.4	11815218000	6557529000	1970824000	3265739000	21127000	22903.309797682	10.0287298214761	618	1128670228.72	4521	3903	26.0700006029451
375	Spain	2007	ES	106	109960666.86	577	471	1080807000000	44784666	50.1	49.9	23.1	26.8	13342371000	7453902000	2348843000	3518595000	21031000	24133.4165582479	2.45531956987242	724	1238630895.58	5098	4374	28.5253201728175
376	Spain	2008	ES	215	487527917.96	1354	1139	1116207000000	45668939	49.8	50.2	23.1	27	14701393000	8073521000	2672288000	3932413000	23170000	24441.2728747651	10.6752626322236	939	1726158813.54	6452	5513	39.2005828050411
377	Spain	2009	ES	217	334585568.24	1150	933	1079034000000	46239273	49.5	50.5	23.2	27.4	14581676000	7567596000	2926733000	4058359000	28988000	23335.8772747141	7.2359608300935	1156	2060744381.78	7602	6446	46.4365436351346
378	Spain	2010	ES	334	788163109.55	1558	1224	1080913000000	46486619	48.1	51.9	23.4	28.4	14588455000	7506443000	2930562000	4123150000	28300000	23252.1319737191	16.9546232121119	1490	2848907491.33	9160	7670	63.3911668472465
379	Spain	2011	ES	402	885749275.82	1866	1464	1070413000000	46667174	47	53	23.7	29.3	14184295000	7396369000	2762385000	4002024000	23517000	22937.1720687437	18.9801352835293	1892	3734656767.15	11026	9134	82.3713021307758
380	Spain	2012	ES	443	982710082.69	2093	1650	1039758000000	46818219	46.4	53.6	23.6	30	13391607000	7094281000	2556646000	3715573000	25107000	22208.4056636157	20.9899074266366	2335	4717366849.84	13119	10784	103.361209557412
381	Spain	2013	ES	460	1206004283.34	2384	1924	1025634000000	46727890	45.6	54.4	23.5	30.9	13011798000	6906396000	2436444000	3647407000	21551000	21949.0758089013	25.8090892471284	2795	5923371133.18	15503	12708	129.170298804541
382	Spain	2014	ES	342	705205224.06	1138	796	1037025000000	46512199	44.5	55.5	23.9	31.7	12820756000	6784311000	2408695000	3606171000	21580000	22295.7637414649	15.1617261540354	3137	6628576357.24	16641	13504	144.332024958576
383	Spain	2015	ES	591	1044121414.79	2207	1616	1075639000000	46449565	43.5	56.5	24.4	32.1	13171807000	6920014000	2520417000	3703884000	27492000	23157.1382853639	22.4786048004971	3728	7672697772.03	18848	15120	166.810629759073
384	Spain	2016	ES	594	1296716320.95	2118	1524	           NA	NA	NA	NA	NA	NA	NA	NA	NA	NA	NA	NA	NA	4322	8969414092.98	20966	16644	NA
386	Sweden	2003	SE	7	21593520	58	51	 293444500000	8940788	22.1	77.9	54	23.9	10606190000	7885952000	370663000	2308367000	41209000	32820.876638614	2.41516966960854	7	21593520	58	51	2.41516966960854
387	Sweden	2004	SE	81	366512972	882	801	 307433400000	8975670	21.5	78.5	53.8	24.7	10426115000	7667218000	324628000	2392622000	41647000	34251.8608638687	40.8340516084036	88	388106492	940	852	43.2492212780121
388	Sweden	2005	SE	91	230842052	676	585	 313218000000	9011392	21.3	78.7	52.8	25.9	10608692000	7724570000	517658000	2333391000	32966000	34758.0040908219	25.6166918496055	179	618948544	1616	1437	68.8659131276176
389	Sweden	2006	SE	105	260107655.15	804	699	 334876500000	9047752	26.9	73.1	47.2	25.9	11721757000	8753782000	525156000	2417859000	24961000	37012.1219060823	28.7483183833951	284	879056199.15	2420	2136	97.6142315110127
390	Sweden	2007	SE	44	56262011	265	221	 356434300000	9113257	26.5	73.5	47.1	26.4	11607658000	8470395000	573615000	2544297000	19351000	39111.6260629981	6.17364472438339	328	935318210.15	2685	2357	103.787876235396
391	Sweden	2008	SE	98	321755651.03	718	620	 352317100000	9182927	26.2	73.8	47	26.9	12314356000	9118999000	546843000	2624386000	24129000	38366.5360728665	35.0384633385412	426	1257073861.18	3403	2977	138.826339573937
392	Sweden	2009	SE	91	263025894.6	602	511	 309678700000	9256347	25.4	74.6	47	27.6	10682826000	7577290000	467083000	2630637000	7910000	33455.8222590402	28.4157340471354	517	1520099755.78	4005	3488	167.242073621073
393	Sweden	2010	SE	105	257079544.78	638	533	 369076600000	9340682	25	75	46.7	28.2	11869921000	8160171000	578256000	3127405000	4089000	39512.810734805	27.5225668511143	622	1777179300.56	4643	4021	194.764640472187
394	Sweden	2011	SE	116	401610654.6	726	610	 404945500000	9415570	24.4	75.6	46.5	29.1	13157434000	9088352000	566901000	3460431000	41861000	43008.0706744254	42.6538865517436	738	2178789955.16	5369	4631	237.418527023931
395	Sweden	2012	SE	125	364257515.49	758	633	 423340700000	9482855	23.8	76.2	46.1	30.1	13891270000	9416597000	667157000	3766846000	40671000	44642.7473582587	38.4122203165608	863	2543047470.65	6127	5264	275.830747340491
396	Sweden	2013	SE	116	478654604.85	848	732	 435752100000	9555893	22.9	77.1	45.7	31.4	14406172000	9932844000	530428000	3910420000	32364000	45600.3536247214	50.0899920970233	979	3021702075.5	6975	5996	325.920739437515
397	Sweden	2014	SE	84	189954637.63	325	241	 432691100000	9644864	22.1	77.9	45	32.8	13611914000	9125790000	509974000	3943397000	32753000	44862.3329473593	19.6949005843939	1063	3211656713.13	7300	6237	345.615640021909
398	Sweden	2015	SE	137	368635768.19	676	539	 446945700000	9747355	21.6	78.4	44.4	34	14581387000	10137061000	500989000	3916181000	27156000	45853.0237177162	37.8190563686251	1200	3580292481.32	7976	6776	383.434696390534
399	Sweden	2016	SE	118	306395873.53	630	512	           NA	NA	NA	NA	NA	NA	NA	NA	NA	NA	NA	NA	NA	1318	3886688354.85	8606	7288	NA
402	United Kingdom	2003	UK	45	90449847	201	156	1795472500000	59501394	29.7	70.3	44.8	25.5	28754480000	18319075000	2988006000	6914017000	533382000	30175.3014391562	1.52012988132681	45	90449847	201	156	1.52012988132681
403	United Kingdom	2004	UK	400	1408489704.13	2732	2332	1922721200000	59793759	29.6	70.4	44.1	26.3	29833653000	18664948000	3196700000	7373508000	598497000	32155.8843624466	23.5557979241613	445	1498939551.13	2933	2488	25.0759278054881
404	United Kingdom	2005	UK	490	794024282	2247	1757	2017339900000	60182050	28.4	71.6	44.8	26.8	31706932000	19464171000	3347616000	8160427000	734718000	33520.6245051473	13.1937061299839	935	2292963833.13	5180	4245	38.269633935472
405	United Kingdom	2006	UK	491	724527730	2627	2136	2135220700000	60620361	27.5	72.5	44.9	27.6	34037113000	20985184000	3401056000	8891595000	759278000	35222.8304941965	11.9518874194761	1426	3017491563.13	7807	6381	50.2215213549481
406	United Kingdom	2007	UK	274	260097465	1031	757	2237031300000	61073279	27	73	44.3	28.7	36529062000	22841873000	3346265000	9527098000	813826000	36628.6424542556	4.25877682120195	1700	3277589028.13	8838	7138	54.4802981761501
407	United Kingdom	2008	UK	496	973416190.4	2363	1867	1964449700000	61571647	26.9	73.1	44.4	28.7	32200441000	19962391000	2947305000	8532269000	758476000	31905.1023598573	15.8094876104256	2196	4251005218.53	11201	9005	70.2897857865757
408	United Kingdom	2009	UK	539	1187504992.24	2094	1555	1705456000000	62042343	25.7	74.3	44.2	30	29030868000	17537322000	2660231000	8113144000	720171000	27488.5814676599	19.1402344724473	2735	5438510210.77	13295	10560	89.430020259023
409	United Kingdom	2010	UK	638	1036221082.55	2481	1843	1833021300000	62510197	24.1	75.9	44.2	31.6	30732105000	18730940000	2927787000	8311590000	761795000	29323.5566030931	16.5768327773787	3373	6474731293.32	15776	12403	106.006853036402
410	United Kingdom	2011	UK	749	1386153417.58	2999	2250	1876151100000	63022532	23.8	76.2	43	33.2	31547068000	20057841000	2706303000	8211315000	571610000	29769.5290947688	21.9945688246864	4122	7860884710.9	18775	14653	128.001421861088
411	United Kingdom	2012	UK	870	1472794627.49	3087	2217	2065736800000	63495303	22.2	77.8	43.1	34.6	33303737000	21095943000	2679739000	8893205000	634850000	32533.6946576977	23.1953319049442	4992	9333679338.39	21862	16870	151.196753766032
412	United Kingdom	2013	UK	1013	1987010755.2	3496	2483	2048328000000	63905297	21.7	78.3	42.7	35.6	33998705000	21721182000	2685624000	8981867000	610032000	32052.5542663545	31.0930525086207	6005	11320690093.59	25358	19353	182.289806274653
413	United Kingdom	2014	UK	805	889546658.94	1822	1017	2260804800000	64351155	20.9	79.1	42.5	36.6	37960055000	24730058000	2756730000	9786007000	687260000	35132.3111449981	13.8233207926105	6810	12210236752.53	27180	20370	196.113127067263
414	United Kingdom	2015	UK	973	1499898163.76	2903	1930	2575719200000	64875165	20.3	79.7	42.1	37.6	43878203000	28839343000	2982915000	11239598000	816341000	39702.6997927481	23.1197587514421	7783	13710134916.29	30083	22300	219.232885818706
415	United Kingdom	2016	UK	995	1742078457.38	2605	1610	           NA	NA	NA	NA	NA	NA	NA	NA	NA	NA	NA	NA	NA	8778	15452213373.67	32688	23910	NA
